카테고리,카테고리명,검색어,기사제목,언론사,정규언론사,게시일,RSS게시일,RSS요약,본문전문,본문글자수,본문추출방식,본문품질점수,본문품질사유,중요도점수,본문사용가능,본문정제적용,원래RSS링크,링크,랭킹점수,사건태그,사건단계,원문날짜,원문날짜출처,날짜검증결과,날짜후보수,대표선택점수,개인정보보안사건키,개인정보보안대표보너스,전역사건키,전역사건기본키,전역사건대표보너스,이슈패밀리,정책규제의무,자사홍보성,링크상태,링크검증사유,본문정합성,v20_issue_id,v20_issue_group,v20_issue_family,v20_internal_category,v20_issue_score,v21_self_tier,v21_gov_tier,v21_competitor_tier,v21_competitor_scope,Gemini카테고리,Gemini내부카테고리,Gemini이슈유형,Gemini이슈그룹,Gemini중복그룹,Gemini관련성,Gemini중요도,Gemini대외협력중요도,Gemini관련도,Gemini판단사유,Gemini선정사유,선정단계,수집검색어,수집원카테고리,수집JSON카테고리,Gemini판단카테고리,최종카테고리,최종카테고리명,선정순서,본문상태,최종카테고리검증결과,v24대표기사정합성,브리핑ID,최종브리핑요약,최종브리핑섹션,최종브리핑제목,최종브리핑링크,최종브리핑언론사,최종브리핑기준,v44_final_source,v44_final_rank,v42_rescue_source,v25한국정부국회근거,최종카테고리재배치
자사_및_계열사_이슈,자사 및 계열사 이슈,카카오,"팀스파르타, AX 자회사에 카카오·배민 출신 손현태 CTO 영입",AI타임스,AI타임스,"Thu, 30 Jul 2026 06:44:50 GMT","Thu, 30 Jul 2026 06:44:50 GMT","팀스파르타, AX 자회사에 카카오·배민 출신 손현태 CTO 영입 AI타임스","팀스파르타(대표 이범규)는 기업 AX 솔루션 자회사 '스파르타 빌더스'에 카카오·우아한형제들 출신 손현태 최고 기술책임자(CTO)를 영입했다고 30일 밝혔다. 손 CTO는 카카오와 우아한형제들에서 개발자로 근무했으며, 맘편한세상 CTO를 역임하는 등 대규모 서비스 개발과 AI 시스템 구축 경험을 갖췄다. 스파르타 빌더스 CTO와 팀스파르타의 AI 기술 연구개발 조직인 'AX Ops' 리드를 겸임한다. AX Ops가 개발한 AI 기술을 스파르타 빌더스를 통해 고객 환경에 맞게 구축·실행하는 사업 체계를 고도화하는 역할을 맡는다. 한편, 팀스파르타는 자체 초경량 언어모델 'K-AX 스파르탄 1.8B'와 대형모델 'K-AX 스파르탄 122B', 폐쇄망 AI 코딩 에이전트 'AX 포트리스' 등을 보유 중이다. SK스퀘어와는 전방 배치 엔지니어(FDE) 기반 AX 프로젝트를 공동 수행 중이다. 1.8B 모델은 최근 과학기술정보통신부와 한국지능정보사회진흥원(NIA)이 운영하는 'K-AI 리더보드'의 초고난도 추론 평가에서 1위를 차지한 바 있다. 이범규 팀스파르타 대표는 ""팀스파르타가 AI 교육을 넘어 통합 AX 솔루션 기업으로 도약하는 중요한 전환점""이라며 ""이번 합류로 연구개발과 구축·운영 역량을 결합해 기업의 AX를 책임지는 통합 AI 솔루션 기업이 될 것""이라고 말했다. 키워드 #AI #인공지능 #팀스파르타 #우아한형제들 #카카오 #AX #스파르타 빌더스 #AX Ops",718,bs4_selector,48.0,good,87.0,True,False,https://news.google.com/rss/articles/CBMiakFVX3lxTE82d3pHZE1TSjJkd00xbW5CeEdNbXBxLVZlY3hpSkNmS056d0thRFhVYTlkUkg3RVpEb05fWnpCbkxPbjZyWjd1MW5MZmVlaDlqejJoaXZHU25uQWoydGtCU3JjWW9UdHpjR1E?oc=5,https://www.aitimes.com/news/articleView.html?idxno=213354,114.8,"ai_infrastructure_security,leadership_change",ai_infrastructure_security,2026-07-30,json_ld:datePublished,original_date_recent,4,144.1,,7.0,global_incident:platform_enforcement:kakao:delivery_platform_fee_mfn:general,global_incident:platform_enforcement:kakao:delivery_platform_fee_mfn,0.0,,,,ok,http_200,body_valid,I025,global_incident:platform_regulation:kakao:delivery_app_fee_policy,self_leadership_service,SELF_DIRECT_RISK,566.3,DIRECT_RISK,,COMP_DOMESTIC_FINANCE_COMMERCE,domestic,자사_및_계열사_이슈,SELF_DIRECT_RISK,self_leadership_service,global_incident:platform_regulation:kakao:delivery_app_fee_policy,global_incident:platform_regulation:kakao:delivery_app_fee_policy,카카오 또는 계열사에 직접 발생한 외부 대응 필요 이슈,5,5,5,로컬 보조 라벨 / v26: 오늘 새 직접 사건·진전,로컬 보조 라벨 / v26: 오늘 새 직접 사건·진전 / v40: 직접 리스크는 아니지만 자사 사업 확장·제휴성 이슈로 2순위 반영,issue_selected,카카오,자사 및 계열사 이슈,자사_및_계열사_이슈,자사_및_계열사_이슈,자사_및_계열사_이슈,자사 및 계열사 이슈,10,본문추출성공,pass:self_guardrail_pass,pass:representative_aligned,1,팀스파르타(대표 이범규)는 기업 AX 솔루션 자회사 '스파르타 빌더스'에 카카오·우아한형제들 출신 손현태 최고 기술책임자(CTO)를 영입했다고 30일 밝혔다. 스파르타 빌더스 CTO와 팀스파르타의 AI 기술 연구개발 조직인 'AX Ops' 리드를 겸임한다.,자사_및_계열사_이슈,"팀스파르타, AX 자회사에 카카오·배민 출신 손현태 CTO 영입",https://www.aitimes.com/news/articleView.html?idxno=213354,AI타임스,CEO_Morning_Briefing,CEO_Morning_Briefing,1,,,
자사_및_계열사_이슈,자사 및 계열사 이슈,카카오톡,"관악구, 장애인전용주차구역 과태료 '카카오톡 전자고지' 도입",시정일보,시정일보,"Thu, 30 Jul 2026 04:25:14 GMT","Thu, 30 Jul 2026 04:25:14 GMT","관악구, 장애인전용주차구역 과태료 '카카오톡 전자고지' 도입 시정일보","[시정일보 김혜란 기자] 관악구(구청장 박준희)가 장애인전용주차구역 위반 과태료를 카카오톡으로 안내하는 모바일 전자고지 시스템을 7월부터 운영 중이다. 그동안 장애인전용주차구역 위반 과태료 고지서는 등기우편으로 발송돼 폐문부재나 주소지 불일치 등으로 반송되거나 송달이 지연되는 사례가 발생했다. 이에 따라 위반 사실 확인이 늦어지고 고지서 재발송과 반송 처리 등에 행정력과 예산이 투입돼 왔다. 구는 이러한 문제를 개선하기 위해 사전통지서부터 본고지서까지 과태료 고지 전 과정을 모바일로 발송하는 ‘장애인전용주차구역 위반 과태료 모바일(카카오톡) 전자고지 시스템’을 도입했다. 새 시스템은 위반 사실 안내부터 과태료 부과 고지까지 원스톱으로 제공하는 것이 특징이다. 별도 신청 없이 본인 명의 스마트폰을 사용하는 대상자는 카카오톡 알림톡을 통해 과태료 부과 내역을 신속하게 확인하고 열람할 수 있다. 다만 알림톡 발송 후 48시간 이내에 모바일 고지서를 열람하지 않을 경우에는 기존과 동일하게 등록 주소지로 종이 고지서를 발송해 스마트폰 미사용자나 시스템 오류에 따른 고지 누락을 방지한다. 구는 모바일 전자고지 도입으로 대상자가 부과 사실을 조기에 확인해 자진 납부 등 필요한 절차를 제때 진행할 수 있게 되면서 사전 납부 시 적용되는 과태료 20% 감경 혜택을 놓치는 사례도 줄어들 것으로 기대하고 있다. 또한 고지서 제작과 우편 발송 비용 절감은 물론 반송 우편물 처리에 소요되던 행정력도 크게 줄일 수 있을 것으로 보고 있다. 박준희 관악구청장은 “모바일 전자고지 도입으로 과태료 고지 지연에 따른 불편을 줄이고 행정 효율성도 높일 수 있게 됐다”며 “앞으로도 장애인전용주차구역의 올바른 주차문화를 정착시키는 한편 주민이 체감할 수 있는 편리한 행정서비스를 지속적으로 확대해 나가겠다”고 말했다. 키워드 #관악구 #관악구청 #박준희 구청장 #박준희 관악구청장 #모바일 전자고지 #행정서비스 편의 제공 #장애인주차구역 위반 과태료 #행정력 절감 #행정 효율증대 [인터뷰] “권위·특권 싹 비웠다”…'죽음의 문턱' 넘고 송파구의회 혁신 이끄는 손병화 의장 중구, 도시정비형 재개발로 도심 주거 2911세대 공급…사업 시행자 간담회 개최 서초구, 몽마르뜨공원·우면생태놀이터 주민 맞춤형 공간으로 새단장…9월 완공 [인터뷰] “권위·특권 싹 비웠다”…'죽음의 문턱' 넘고 송파구의회 혁신 이끄는 손병화 의장 중구, 도시정비형 재개발로 도심 주거 2911세대 공급…사업 시행자 간담회 개최 서초구, 몽마르뜨공원·우면생태놀이터 주민 맞춤형 공간으로 새단장…9월 완공",1266,bs4_selector,86.0,good,138.5,True,False,https://news.google.com/rss/articles/CBMia0FVX3lxTE1EMEhJYnBPenR2MzlQVkxwNlFBN3RDQW9mQXVieEs2ajVkbEY3WmlQcWF5eW4xQ3pwemRkVWZaQkJrRjhtUGxpMjZVWGdreE1aOWZwemV2Mkd5ZVZ3N01yaUFza1RfaFpqcVZn?oc=5,https://www.sijung.co.kr/news/articleView.html?idxno=434073,111.8,"platform_obligation,privacy_security_reliability,self_pr_promo",privacy_security_reliability,2026-07-30,json_ld:datePublished,original_date_recent,3,214.35,,0.0,global_incident:platform_regulation:kakao:platform_operator_obligation:policy_change,global_incident:platform_regulation:kakao:platform_operator_obligation,24.0,self:platform_obligation,Y,,ok,http_200,body_valid,I049,global_incident:platform_regulation:kakao:platform_regulation,self_privacy_security,SELF_DIRECT_RISK,408.3,DIRECT_RISK,,,other,자사_및_계열사_이슈,SELF_DIRECT_RISK,self_privacy_security,global_incident:platform_regulation:kakao:platform_regulation,global_incident:platform_regulation:kakao:platform_regulation,카카오 또는 계열사에 직접 발생한 외부 대응 필요 이슈,5,5,5,로컬 보조 라벨 / v26: 오늘 새 직접 사건·진전,로컬 보조 라벨 / v26: 오늘 새 직접 사건·진전 / v40: 직접 리스크는 아니지만 자사 사업 확장·제휴성 이슈로 2순위 반영,issue_selected,카카오톡,자사 및 계열사 이슈,자사_및_계열사_이슈,자사_및_계열사_이슈,자사_및_계열사_이슈,자사 및 계열사 이슈,11,본문추출성공,pass:self_guardrail_pass,pass:representative_aligned,2,[시정일보 김혜란 기자] 관악구(구청장 박준희)가 장애인전용주차구역 위반 과태료를 카카오톡으로 안내하는 모바일 전자고지 시스템을 7월부터 운영 중이다. 구는 이러한 문제를 개선하기 위해 사전통지서부터 본고지서까지 과태료 고지 전 과정을 모바일로 발송하는 ‘장애인전용주차구역 위반 과태료 모바일(카카오톡) 전자고지 시스템’을 도입했다.,자사_및_계열사_이슈,"관악구, 장애인전용주차구역 과태료 '카카오톡 전자고지' 도입",https://www.sijung.co.kr/news/articleView.html?idxno=434073,시정일보,CEO_Morning_Briefing,CEO_Morning_Briefing,2,,,
자사_및_계열사_이슈,자사 및 계열사 이슈,카카오,"카카오뱅크 노조 31일 파업 강행...""회사 성장에 걸맞은 보상""",파이낸셜뉴스,파이낸셜뉴스,"Thu, 30 Jul 2026 06:48:30 GMT","Thu, 30 Jul 2026 06:48:30 GMT","카카오뱅크 노조 31일 파업 강행...""회사 성장에 걸맞은 보상"" 파이낸셜뉴스","[파이낸셜뉴스] 임금 교섭을 두고 갈등을 겪은 카카오 노사가 잠정 합의안을 마련한 가운데 카카오뱅크 노동조합은 오는 31일 예정된 파업을 그대로 진행한다. 카카오뱅크 노사는 성과 보상 체계와 연봉 인상률을 두고 의견 차를 좁히지 못하면서 인터넷전문은행 출범 이후 첫 파업이 현실화됐다. 30일 금융권에 따르면 카카오뱅크 노조는 31일 전일 파업을 계획대로 진행한다. 이번 파업은 조합원들이 하루 연차·휴무를 사용하는 '로그아웃데이' 방식으로 진행된다. 현재까지 별도 단체행동 계획은 없는 것으로 알려졌다. 전날 카카오 노사가 임금 교섭 잠정 합의안을 도출하면서 카카오지회 소속 사업장 가운데 카카오뱅크, 디케이테크인, 엑스엘게임즈 등 3곳만 임금 협상을 마무리하지 못한 상황이다. 카카오뱅크 노조는 경기지방노동위원회가 조정 중지 결정을 내리면서 쟁의행위 찬반투표를 진행했고, 투표 참여자의 95%가 찬성해 파업을 결정하게 됐다. 지난 21일 경기 성남 판교 아지트 피켓 시위에서 서승욱 민주노총 전국화학섬유식품산업노동조합 카카오지회장은 파업 계획을 공식화한 바 있다. 이날 피켓 시위에는 카카오뱅크 노조 조합원을 포함해 총 300여명이 참석했다. 구체적인 노사 교섭 내용은 공개되지 않았다. 노조는 회사 성장세에 걸맞은 임금 인상과 성과급 지급을 요구하고 있는 것으로 알려졌다. 카카오뱅크 노사 갈등이 장기화되면서 노조의 조직 기반이 빠르게 확대되고 있다. 이달 중순 기준으로 카카오뱅크 노조는 전체 임직원의 절반 이상을 조합원으로 확보하며 과반노조를 달성했다. 카카오지회는 ""카카오뱅크의 과반노조 달성은 회사의 성장과 실적 개선에도 불구하고 그 성과에 걸맞은 보상이 노동자들에게 돌아오지 않고 있다는 불만이 누적된 결과""라고 설명했다. 노조는 회사의 규모가 빠르게 성장하면서도 경영 성과에 따른 보상이 소수 임원들에게 집중되고 있는 점을 지적했다. 카카오뱅크는 올해 정기주주총회에서 이사 보수 한도를 기존 50억원에서 80억원으로 확대한 바 있다. 지난해 이사 보수 집행액 가운데 상당 부분은 소수 사내이사에게 지급되기도 했다. 카카오뱅크는 올해 1·4분기 당기순이익 1873억원을 기록하며 역대 최대 실적을 거뒀다. 이는 전년동기 대비 36%가량 증가한 수치다. 다만 이번 실적 증가에는 인도네시아 '슈퍼뱅크' 상장에 따른 투자 평가차익 933억원 등이 반영되면서 일회성 요인이 영향을 줬다. 카카오뱅크는 파업에 따른 고객 불편을 최소화하는 데 힘쓴다는 구상이다. 카카오뱅크는 전자금융감독규정에 따라 파업 등 비상 상황에서도 예금, 이체, 대출 상환, 소비자보호, 정보보호 등 주요 금융서비스가 안정적으로 제공될 수 있도록 필수 업무와 인력을 사전에 정해 놓은 상태다. 기존에 수립해 둔 영업연속성계획에 따라 고객 불편이 발생하지 않도록 철저히 대응할 예정이다. 카카오뱅크 관계자는 ""대화를 통해 원만한 해결 방안을 찾기 위해 지속적으로 노력하겠다""며 ""고객 불편이 발생하지 않도록 서비스 안정과 업무 연속성 확보에 최선을 다하겠다""고 전했다. 업계에서는 카카오뱅크 노사 갈등이 다른 인뱅으로 번질 가능성은 희박하다고 보고 있다. 케이뱅크와 토스뱅크는 노조가 없는 데다 임직원 수도 카카오뱅크의 절반이 채 되지 않는다. 지난해 말 기준 기간제 근로자를 제외한 카카오뱅크의 직원 수는 1601명이다. 같은 기준으로 케이뱅크는 567명, 토스뱅크의 일반직원 수 723명에 그친다. 업계 관계자는 ""카카오지회 내에서 활동하는 카카오뱅크는 노조 결속력이 높을 수밖에 없지만, 규모가 작은 다른 인뱅은 노조를 구성하기도 어려운 상황""이라며 ""카카오뱅크 노사 갈등은 정보기술(IT)업계를 중심으로 성과 보상에 대한 요구가 커지면서 추진됐다. 인뱅 업계 전반에 직접적인 영향을 미칠 가능성은 크지 않다""고 내다봤다. 카카오뱅크 노조 첫 파업 돌입...조합원 700명 이상 참여 2026-07-31 10:01 케이뱅크 상반기 순익 601억…전년比 29% 감소 2026-07-30 18:12 임금 교섭을 두고 갈등을 겪은 카카오 노사가 잠정 합의안을 마련한 가운데 카카오뱅크 노동조합은 오는 31일 예정된 파업을 그대로 진행한다. 카카오뱅크 노사는 성과 보상 체계와 연봉 인상률을 두고 의견 차를 좁히지 못하면서 인터넷전문은행 출범 이후 첫 파업이 현실화됐다. 30일 금융권에 따르면 카카오뱅크 노조는 31일 전일 파업을 계획대로 진행한다.",2143,bs4_selector,86.0,good,251.2,True,False,https://news.google.com/rss/articles/CBMiWkFVX3lxTE1jOERmalRoMmJvRW9sQVVDTzUwa0ViQ0tEWUNRRlhsc01ES1VUMjhmNjFvWEVyZWZxWU1ReXJRQWE1VS1ZU05ENDJ1V1dlbE83SEk4aGRzVzdNdw?oc=5,https://www.fnnews.com/news/202607291810139113,133.0,"earnings,financial_performance,labor_dispute,labor_negotiation,platform_obligation,policy_legislation,strategy_mna_governance",labor_vote,2026-07-30,json_ld:datePublished,original_date_recent,10,312.24,,23.0,global_incident:platform_regulation:kakao:platform_transaction_user_protection_obligation:conflict_escalation,global_incident:platform_regulation:kakao:platform_transaction_user_protection_obligation,24.0,self:platform_obligation,Y,,ok,http_200,body_valid,I051,카카오 노조 임단협/파업 및 내부 갈등,self_labor,SELF_DIRECT_RISK,402.0,DIRECT_RISK,,,other,자사_및_계열사_이슈,SELF_DIRECT_RISK,self_labor,카카오 노조 임단협/파업 및 내부 갈등,카카오 노조 임단협/파업 및 내부 갈등,카카오 또는 계열사에 직접 발생한 외부 대응 필요 이슈,5,5,5,로컬 보조 라벨 / v26: 오늘 새 직접 사건·진전,v43_soft_target:자사_및_계열사_이슈: daily-safe portfolio rescue,issue_selected,카카오,자사 및 계열사 이슈,자사_및_계열사_이슈,자사_및_계열사_이슈,자사_및_계열사_이슈,자사 및 계열사 이슈,22,본문추출성공,pass:self_guardrail_pass,pass:representative_aligned,3,[파이낸셜뉴스] 임금 교섭을 두고 갈등을 겪은 카카오 노사가 잠정 합의안을 마련한 가운데 카카오뱅크 노동조합은 오는 31일 예정된 파업을 그대로 진행한다. 30일 금융권에 따르면 카카오뱅크 노조는 31일 전일 파업을 계획대로 진행한다.,자사_및_계열사_이슈,"카카오뱅크 노조 31일 파업 강행...""회사 성장에 걸맞은 보상""",https://www.fnnews.com/news/202607291810139113,파이낸셜뉴스,CEO_Morning_Briefing,CEO_Morning_Briefing,3,v43_soft_target:자사_및_계열사_이슈,,
정부_국회,정부/국회,공정거래위원회,"'5G 과장광고' KT, 139억원 과징금 불복 소송서 공정위에 패소",연합뉴스,연합뉴스,"Thu, 30 Jul 2026 21:00:11 GMT","Thu, 30 Jul 2026 21:00:11 GMT","'5G 과장광고' KT, 139억원 과징금 불복 소송서 공정위에 패소 연합뉴스","이승연기자 구독 구독중 이전 다음 법원 ""실제 속도는 광고 내용의 3% 불과…기만적 광고"" 통신3사 과징금 소송서 KT·LG유플러스 패소…SKT만 일부 승소 이미지 확대 서울중앙지방법원 [촬영 안 철 수] 2026.4 (서울=연합뉴스) 이승연 기자 = 5세대 이동통신(5G) 속도를 과장 광고해 139억원대 과징금을 부과받은 KT가 불복 소송을 냈으나 패소했다. 31일 법조계에 따르면 서울고법 행정7부(권순형 부장판사)는 KT가 공정거래위원회를 상대로 제기한 시정명령 등 취소 소송에서 지난 16일 원고 패소로 판결했다. KT는 지난 2018년 8월부터 2022년 4월까지 5G 속도를 거짓·과장, 기만적으로 광고했다는 이유로 2023년 공정위로부터 139억3천만원의 과징금 처분을 받았다. 문제가 된 것은 자사 5G 서비스 속도가 20Gbps(초당 기가비트)로 LTE(4세대 이동통신)보다 20배 빠르다는 내용의 홈페이지 및 유튜브 광고, 객관적 근거 없이 자사 서비스가 경쟁사보다 빠르다고 표시한 포스터 등이었다. KT는 기술이 갖는 특성을 소개한 것일 뿐 실제 제공하는 서비스 속도를 광고한 것이 아니라고 주장했다. 보통의 주의력을 가진 소비자들은 기술적인 이유로 이러한 속도를 구현하기 어렵다는 점을 충분히 인식할 수 있었다는 것이다. 하지만 재판부는 광고의 거짓·과장성이나 기만성이 인정된다고 봤다. 재판부는 ""20Gbps는 실제 사용 환경에서 구현될 수 없는 속도""라며 ""원고가 제공한 5G 서비스 속도는 20Gbps의 3%에 불과한 속도로 LTE보다 20배 빠르다고도 할 수 없다""고 지적했다. 그러면서 소비자들은 제한된 실험조건에서의 성능이 아닌 실제 사용 환경에서의 성능을 중요하게 고려하는 점, 광고의 표현 및 맥락 등을 토대로 ""일반 소비자들은 '20Gbps', '20배 빠른' 표현을 단순한 기술의 비전·목표가 아닌 실제 속도라고 받아들였을 것으로 보인다""고 했다. 이동통신 서비스 속도를 정확하게 측정하기 위해서는 전문 지식 및 장비가 필요해 일반 소비자들이 직접 확인하기 어렵고, 당시 5G 기술이 새로이 도입된 만큼 그 속도를 경험적으로 알 수도 없어 소비자들은 KT의 광고 내용을 실제 속도라고 받아들였을 것이라는 게 재판부 판단이다. 이미지 확대 '5G 과장광고' KT, 139억원 과징금 불복 소송서 공정위에 패소 [연합뉴스 자료사진] 나아가 재판부는 경쟁사 서비스 속도와 자사 서비스 속도를 부당하게 비교한 포스터 광고도 기만적인 광고에 해당해 소비자에게 오인을 불러일으킨다고 봤다. 해당 포스터에는 '전국에서 앞서간다'는 표현과 함께 전국 11개 지역에서 제공되는 5G 서비스 속도가 구체적으로 제시됐는데, 이를 두고 재판부는 ""단정적인 표현과 확정적인 숫자가 제시됐으므로 보통의 주의력을 가진 소비자는 KT의 5G 서비스 속도가 다른 사업자들의 서비스에 비해 빠르다고 객관적으로 입증된 것으로 오인했을 가능성이 매우 높다""고 했다. 재판부는 위반 기간과 당시 매출액을 기준으로 한 과징금 산정에도 문제가 없다며 ""재량권을 일탈·남용한 위법이 있다고 보기 어렵다""고 밝혔다. KT는 이 판결에 또다시 불복해 지난 23일 상고장을 제출했다. 공정위 의결은 1심 판결과 같은 효력이 있어 당사자가 불복할 경우 서울고법, 대법원 판결을 거쳐 확정된다. 한편 LG유플러스와 SK텔레콤도 공정위 처분에 불복 소송을 내 최근 고법 결론이 나왔다. 이들 2개사도 5G 서비스 과장광고로 각각 28억5천만원, 168억3천만원의 과징금 처분을 받았다. LG유플러스의 경우 KT와 마찬가지로 패소해 상고한 상태다. SK텔레콤은 기만적 광고를 했다는 점은 인정됐지만 공정위의 과징금 산정에 잘못이 있다는 이유로 일부 승소했다. winkite@yna.co.kr",1834,newspaper3k,84.0,good,171.5,True,True,https://news.google.com/rss/articles/CBMiW0FVX3lxTE8zUTJhRWtEOEFrXy1kQS1CVG9BWFVCOHozeTctaV9oQ29XX1Rwdl9JcWRqNVBhbTA1SmhJVVFNV1ljZDRYZ3NqaGFjUjNJMnN5clF4aHVCbGZKdUnSAWBBVV95cUxNTmdxMmQwM1VWLVRqUVBhMVItTnhXRmdFNlpwT2tUQjYtZlRyMGwzbDBKUGtnWUtPVXVVQ3JiTkNKcXE4ZlpTR3ZlVXNOSlpJWk44TWcwSlFsUTAtYzJ0b2Y?oc=5,https://www.yna.co.kr/view/AKR20260730121600004,265.6,"antitrust_platform,earnings,financial_performance,legal_regulatory_enforcement,platform_obligation,policy_legislation,search_ads,strategy_mna_governance",antitrust_general,2026-07-31,json_ld:datePublished,original_date_recent,10,262.65,,14.0,global_incident:platform_regulation:skt:platform_content_moderation_obligation:policy_change,global_incident:platform_regulation:skt:platform_content_moderation_obligation,56.0,self:platform_obligation,Y,,ok,http_200,body_valid,I001,global_incident:platform_regulation:kt:platform_algorithm_ad_obligation,comp_domestic_direct_risk,COMPETITOR_PLATFORM_RISK,702.0,DIRECT_RISK,GOV_REGULATORY_ENFORCEMENT,COMP_DOMESTIC_DIRECT_RISK,domestic,정부_국회,COMPETITOR_PLATFORM_RISK,comp_domestic_direct_risk,global_incident:platform_regulation:kt:platform_algorithm_ad_obligation,global_incident:platform_regulation:kt:platform_algorithm_ad_obligation,카카오 플랫폼·AI·대관 대응 경로에 영향을 줄 수 있는 정책/감독 이슈,4,5,4,로컬 보조 라벨 / v26.2: overseas structural industry candidate,로컬 보조 라벨 / v26: 오늘 새 직접 사건·진전 / 로컬 보조 라벨 / 로컬 보조 라벨 / v26.2: overseas structural industry candidate / v26: 카카오 직접 주체가 없어 자사 섹션 제외/재분류,issue_selected,공정거래위원회,정부/국회,정부_국회,정부_국회,정부_국회,정부/국회,1,본문추출성공,pass:v26_2_public_actor_action_pass:public_actor_official_action,pass:representative_aligned,4,"법원 ""실제 속도는 광고 내용의 3% 불과…기만적 광고"" 통신3사 과징금 소송서 KT·LG유플러스 패소…SKT만 일부 승소 이미지 확대 서울중앙지방법원 [촬영 안 철 수] 2026.4 (서울=연합뉴스) 이승연 기자 = 5세대 이동통신(5G) 속도를 과장 광고해 139억원대 과징금을 부과받은 KT가 불복 소송을 냈으나 패소했다. KT는 지난 2018년 8월부터 2022년 4월까지 5G 속도를 거짓·과장, 기만적으로 광고했다는 이유로 2023년 공정위로부터 139억3천만원의 과징금 처분을 받았다.",정부_국회,"'5G 과장광고' KT, 139억원 과징금 불복 소송서 공정위에 패소",https://www.yna.co.kr/view/AKR20260730121600004,연합뉴스,CEO_Morning_Briefing,CEO_Morning_Briefing,4,,Y,
정부_국회,정부/국회,금융위원회,"개인정보보호위원회, 불법 ‘펨토셀 해킹’ KT에 540억 과징금 부과...LG유플러스도 수사 의뢰",중앙뉴스,중앙뉴스,"Thu, 30 Jul 2026 05:57:06 GMT","Thu, 30 Jul 2026 05:57:06 GMT","개인정보보호위원회, 불법 ‘펨토셀 해킹’ KT에 540억 과징금 부과...LG유플러스도 수사 의뢰 중앙뉴스","[중앙뉴스= 윤장섭 기자]개인정보보호위원회가 '팸토셀 해킹' 피해로 대규모 개인정보 유출 사고를 일으킨 KT에 539억7900만원 규모의 과징금을 부과했다. 위원회는 또 증거 은닉·폐기 등 조사를 방해한 행위에 대해서도 고발하기로 했다. KT는 30일 개인정보보호위원회 처분 결과를 무겁게 받아들인다며 지난 사고로 고객과 국민에게 큰 심려와 불안을 끼친 점에 다시 한 번 깊이 사과드린다고 밝혔다. 이어 개인정보보호 체계 전반을 원점에서 재정비하고 있으며 보안투자를 확대하고 전사적 개인정보보호 역량을 강화하고 있다고 강조했다. KT는 또 사태 재발방지와 고객 신뢰 회복을 위해 모든 역량을 다하겠다고 덧붙였다. 앞서 KT는 지난 2024년 10월부터 지난해 9월까지 불법 소형기지국인 팸토셀을 이용한 해킹을 당해 고객 만 6천여 명의 개인정보가 유출됐다. 조사 결과, 해커는 유실된 케이티의 초소형 기지국(펨토셀)에서 인증서를 빼내 자체 제작한 불법 펨토셀에 심은 뒤 이를 이용해 케이티 이동통신망에 접속했다. 이후 이용자 단말기가 불법 펨토셀을 거치도록 유도해 단말기와 케이티 내부망 간 송·수신 정보를 가로챘고, 이를 별도로 확보한 이름·성별·생년월일 등 개인정보와 결합해 휴대전화 소액결제를 요청했다. 이후 결제 인증코드가 포함된 자동응답시스템(ARS) 음성과 문자메시지(SMS)를 탈취해 무단 소액결제에 성공했다. 이 과정에서 케이티 이용자 1만6647명(알뜰폰 포함·중복 회선 제외)의 휴대전화번호와 가입자식별번호(IMSI), 단말기식별번호(IMEI) 등이 유출됐다. 이 가운데 368명은 약 2억4000만원 상당의 무단 소액결제 피해를 입었다. 한편 개인정보위는 케이티가 2016년부터 펨토셀을 도입·운영하면서 내부망 접근에 대한 기본적인 통제 관리를 소홀히 했다고 판단했다. 또 펨토셀 무단소액 결제 사건을 조사하는 과정에서 알려진 케이티 내부 서버 해킹 정황을 조사해 케이티 임직원과 일부 협력업체 직원의 이름, 전화번호, 계정 정보 등을 유출한 정황을 확인했다. 개인정보위는 KT가 제출 요구에 관련 자료가 없다고 거짓 보고 했던 사실도 조사 과정에 드러났다고 말했다. 개인정보위는 앞서 개인정보 유출 의혹 조사 착수 전 서버를 폐기해 증거를 인멸한 엘지(LG)유플러스에 대해서도 수사를 의뢰하기로 했다. 키워드 #개인정보보호위원회 #KT #'팸토셀 해킹' 피해 #무단 소액결제 #(LG)유플러스 #수사의뢰 윤장섭 기자 syb2002525@naver.com '관피아' 거부한 K-FINCO, 정치인 이사장 선출 '부결' 국회 상임위원장, 국민의힘 몫 6개 선출…원구성 협상 매듭 게임업계, 갤럭시 Z 신제품 맞춰 스페셜 테마 공개 [전문가 기고]코로나 이후 치솟은 물가, 왜 정부는 물가를 잡지 못하는가! 농가주부모임전국연합회, 창립 제30주년 기념식 개최…그간의 공로 격려 트럼프, 무역법 301조 근거 한국에 강제노동 관세 12.5% 부과 엔비디아, 카이스트와 국내 AI 혁신 가속화 위한 공동 AI 연구소 설립 '관피아' 거부한 K-FINCO, 정치인 이사장 선출 '부결' '관피아' 거부한 K-FINCO, 정치인 이사장 선출 '부결' 국회 상임위원장, 국민의힘 몫 6개 선출…원구성 협상 매듭 게임업계, 갤럭시 Z 신제품 맞춰 스페셜 테마 공개 [전문가 기고]코로나 이후 치솟은 물가, 왜 정부는 물가를 잡지 못하는가! 농가주부모임전국연합회, 창립 제30주년 기념식 개최…그간의 공로 격려 트럼프, 무역법 301조 근거 한국에 강제노동 관세 12.5% 부과 엔비디아, 카이스트와 국내 AI 혁신 가속화 위한 공동 AI 연구소 설립 '관피아' 거부한 K-FINCO, 정치인 이사장 선출 '부결' 국회 상임위원장, 국민의힘 몫 6개 선출…원구성 협상 매듭 게임업계, 갤럭시 Z 신제품 맞춰 스페셜 테마 공개 [전문가 기고]코로나 이후 치솟은 물가, 왜 정부는 물가를 잡지 못하는가! 농가주부모임전국연합회, 창립 제30주년 기념식 개최…그간의 공로 격려 트럼프, 무역법 301조 근거 한국에 강제노동 관세 12.5% 부과 엔비디아, 카이스트와 국내 AI 혁신 가속화 위한 공동 AI 연구소 설립 마곡~가산 20분대 단축… 서남선, 지역 격차 깰까 카카오 노사, 임금협상 잠정 합의...찬반투표서 합의안 수용 여부 결정 정의선 회장, 현대차 브라질공장 방문…'도전'과 '위기' 시장 성장전략 점검 삼성전자, 미국 테일러 팹2 연말 착공…2030년 양산 목표 [인사]한국은행, 2026년 하반기 인사...신현송 한은 총재 취임 이후 첫 인사 한성숙 총리, 충청권 4개 시도 시장·지사와 반도체 협력 간담회 주재 마곡~가산 20분대 단축… 서남선, 지역 격차 깰까 카카오 노사, 임금협상 잠정 합의...찬반투표서 합의안 수용 여부 결정 정의선 회장, 현대차 브라질공장 방문…'도전'과 '위기' 시장 성장전략 점검 삼성전자, 미국 테일러 팹2 연말 착공…2030년 양산 목표 [인사]한국은행, 2026년 하반기 인사...신현송 한은 총재 취임 이후 첫 인사 한성숙 총리, 충청권 4개 시도 시장·지사와 반도체 협력 간담회 주재",2485,bs4_selector,86.0,good,198.5,True,False,https://news.google.com/rss/articles/CBMia0FVX3lxTFA3VFJwWUtuSm5GSXZXTEZCT2paNURKSG9IY3VNcXZPN0kzckFsdk1peUVWcWFGcGdacTU2bjBNMC1TTEp2Qk10djJwSU1CNGxWNXhjM1F0aVVKS0JnbG16c0FoU2dMX1o4dU1V0gFvQVVfeXFMT21KZ2k4N19iaTI5b1FveWEyZEVPN0hJc21xWWg3QzVDdEJ5czMwYkhqdlVvT3RacGFVa1JMa1ZPdzNvWC1CU1BNMTA5bFVpcjN0SW5uOFNVbm5mbVkyUmhmNXFBUERYaElQbk9WUWZr?oc=5,http://www.ejanews.co.kr/news/articleView.html?idxno=334747,258.6,"ai_infrastructure_security,antitrust_platform,kim_beomsoo_trial,legal_regulatory_enforcement,phishing_security,platform_obligation,policy_legislation,privacy_security_reliability,strategy_mna_governance",antitrust_general,2026-07-30,json_ld:datePublished,original_date_recent,3,266.35,privacy_security:naver:data_leak:sanction_or_penalty,77.0,global_incident:platform_enforcement:naver:privacy_data_violation:sanction_penalty,global_incident:platform_enforcement:naver:privacy_data_violation,56.0,self:platform_obligation,Y,,ok,http_200,body_valid,I004,global_incident:platform_regulation:lguplus:platform_regulation,comp_domestic_direct_risk,COMPETITOR_PLATFORM_RISK,644.0,OFF_TOPIC,GOV_REGULATORY_ENFORCEMENT,COMP_DOMESTIC_DIRECT_RISK,domestic,정부_국회,COMPETITOR_PLATFORM_RISK,comp_domestic_direct_risk,global_incident:platform_regulation:lguplus:platform_regulation,global_incident:platform_regulation:lguplus:platform_regulation,카카오 플랫폼·AI·대관 대응 경로에 영향을 줄 수 있는 정책/감독 이슈,4,5,4,로컬 보조 라벨 / v26.2: overseas structural industry candidate,로컬 보조 라벨 / v26.2: overseas structural industry candidate / 로컬 보조 라벨 / v26: 카카오 직접 주체가 없어 자사 섹션 제외/재분류,issue_selected,금융위원회,정부/국회,정부_국회,정부_국회,정부_국회,정부/국회,2,본문추출성공,pass:v26_2_public_actor_action_pass:roundup_but_public_actor_central,pass:representative_aligned,5,[중앙뉴스= 윤장섭 기자]개인정보보호위원회가 '팸토셀 해킹' 피해로 대규모 개인정보 유출 사고를 일으킨 KT에 539억7900만원 규모의 과징금을 부과했다. 앞서 KT는 지난 2024년 10월부터 지난해 9월까지 불법 소형기지국인 팸토셀을 이용한 해킹을 당해 고객 만 6천여 명의 개인정보가 유출됐다.,정부_국회,"개인정보보호위원회, 불법 ‘펨토셀 해킹’ KT에 540억 과징금 부과...LG유플러스도 수사 의뢰",http://www.ejanews.co.kr/news/articleView.html?idxno=334747,중앙뉴스,CEO_Morning_Briefing,CEO_Morning_Briefing,5,,Y,
정부_국회,정부/국회,KT,"""2차피해 없는데 과징금은 KT 10배?"" 쿠팡 형평성 논란",네이트,네이트,"Fri, 31 Jul 2026 03:11:00 GMT","Fri, 31 Jul 2026 03:11:00 GMT","""2차피해 없는데 과징금은 KT 10배?"" 쿠팡 형평성 논란 네이트","KT, 368명 2.4억원 무단결제 피해 확인 과징금 540억원…쿠팡 8%·SKT 40% 수준 미국선 2차 피해 확인돼야 손해 배상 가능 “과징금 산정 기준 모호…제도 개선해야” 과징금 540억원…쿠팡 8%·SKT 40% 수준 미국선 2차 피해 확인돼야 손해 배상 가능 “과징금 산정 기준 모호…제도 개선해야” 서울 송파구 쿠팡 본사 [헤럴드DB] [헤럴드경제=강승연 기자] KT가 개인정보 유출 사고로 540억원의 과징금을 부과받자 쿠팡과의 제재 형평성 논란에 불이 붙고 있다. KT는 2차 소액결제 피해자가 300명이 넘은 반면, 쿠팡은 2차 피해 여부가 입증되지 않아서다. 과징금 산정 기준이 모호하다는 지적도 나온다. KT 과징금, 쿠팡 8.6%·SKT 40% 수준…형평성 논란 31일 업계에 따르면 개인정보보호위원회는 지난 30일 KT에 대해 과징금 539억7900만원과 시정명령·개선권고·공표명령 등을 의결했다. 초소형 기지국(팸토셀) 해킹에 따른 개인정보 유출 및 무단 소액결제 피해에 대해 KT의 안전조치 의무 위반이 있었다고 보고 제재 결정을 내렸다. 개보위에 따르면 해커는 2024년 10월부터 2025년 11월까지 KT 내부망을 오가며 알뜰폰 포함 이용자 1만6647명의 휴대폰 번호와 가입자, 단말기식별번호(IMEI)를 빼돌렸다. 결제인증코드가 포함된 ARS·SMS까지 탈취해 368명에게 2억4000만원의 무단 소액결제 피해를 입혔다. 이 과정에서 KT는 펨토셀 인증서 유효기간을 10년으로 설정하고 접속 IP를 제한하지 않는 등 관리가 소홀한 것으로 확인됐다. 해당 발표 이후 쿠팡과 SK텔레콤에 비해 제재 수위가 미온적이라며 ‘차별’ 아니냐는 지적이 나오고 있다. 온라인 커뮤니티에는 미국 행정부와 정치권에서 제기하고 있는 ‘미국 기업 차별’ 주장을 거론하며 “이러니까 미국에서 차별이란 소리가 나온다”는 글이 올라오고 있다. 기존 개인정보 유출 사고에서 KT처럼 2차 피해가 동반된 사례가 적었다. 하지만 KT의 과징금은 쿠팡(6247억원), SK텔레콤(1348억원)과 비교해 각각 8.6%, 40%에 그쳤다. 개인정보 무단수집 사건을 제외한 쿠팡의 순수 유출 과징금(4235억원)도 국내 최대 규모다. 쿠팡에선 3750만명의 개인정보(이름·이메일·주소·전화번호 등)를 중국 국적의 전 직원이 유출한 것으로 조사됐다. 그러나 민관합동조사단은 다크웹 등에서 2차 피해를 확인하지 못했고, 개보위도 2차 피해 증거를 찾지 못했다. 2324만명의 휴대전화, 유심 인증키 등이 유출된 SK텔레콤도 마찬가지다. 이에 자유기업원은 “과징금은 유출 정보의 민감도, 고의 또는 중과실 여부, 실제 피해와 2차 피해 발생 여부, 사고 인지 및 신고 시점, 사후 대응과 재발 방지 노력 등을 종합적으로 고려해야 한다”며 비례성과 형평성을 검토해 제재 수위를 정해야 한다고 논평한 바 있다. 쿠팡의 모회사인 쿠팡Inc도 “실제 피의자가 저장한 정보는 3000건에 불과하다”며 드러난 2차 피해가 없는 데도 제재가 과도하다는 취지의 입장을 펼쳐왔다. 쿠팡 측은 향후 개보위를 상대로 행정소송을 제기할 계획이다. 미국에선 2차 피해 중시…“제도 개선 필요” 개보위는 제재 수위와 관련해 “KT는 무선통신 매출을 기준으로 산정한 뒤 위반 기간과 피해 규모, 시정조치 등을 함께 고려했다”며 “SK텔레콤은 유출된 개인정보의 유형과 2300만명이 넘는 피해 규모 등으로 ‘매우 중대한 위반행위’로 판단됐고, KT는 ‘중대한 위반행위’로 평가됐다”고 배경을 밝혔다. 이날 개보위는 KT의 이번 과징금 산정 기준은 최근 3년간 무선사업 매출(약 6조5000억원)으로, 과징금 부과 비율은 0.8% 수준이다. SKT는 규모 유심 인증키 유출 당시 무선 매출액의 약 1% 수준인 1348억원이 부과됐다. 약 30조원의 매출을 기준 삼은 쿠팡은 유출 과징금(4236억원)으로만 한정해도 약 1.4% 수준이다. 2차 피해는 3사 중 KT만 입증됐지만, 유출 규모가 작아 과징금 비율은 가장 낮았다. 업계에선 “실질적인 2차 피해 증거가 없어도 유출 규모만 크면 매출에 연동해 과징금 규모가 천문학적으로 커지는 것 아니냐”는 지적이 나온다. 미국의 경우, 개인정보 유출 규모보다 2차 피해를 중요하게 따진다. 뉴욕·텍사스·일리노이주 등 40개 이상 주는 “실제 발생한 피해가 없으면 개인정보 유출 소송을 할 수 없다”는 원칙을 법률로 명시했다. 유출로 인한 명의도용, 금융사기 금액, 신용 복구 비용 등 구체적 손해를 입증해야, 이를 배상할 수 있다는 것이다. 또 미국과 대만, 일본, 프랑스 등 여러 국가들은 매출에 연동한 과징금 제도가 없다. 일본은 개인정보 유출 위반시 최대 1억원, 허위 보고와 조사방해 명목으로 최대 50만엔 등의 정액 제도를 운영하고 있다. 보안업계 관계자는 “2차 피해 여부, 범인의 정보 취득 여부를 중시하는 미국 등 다른 나라와 달리 한국은 외부에 나갔다는 근거가 없더라도 ‘조회’를 유출 규모로도 책정한다”며 “2차 피해 여부 판단 기준에 대한 모호성, 개인정보의 가치를 매출 규모로 책정하는 현 제도에 대한 개선이 필요하다”고 지적했다. 강승연 spa@heraldcorp.com 헤럴드경제",2526,trafilatura,33.0,short_but_platform_obligation,84.0,True,False,https://news.google.com/rss/articles/CBMiU0FVX3lxTE9WOWxhM1UtNzJhbHJzajRPOHY2LThSWlJvQ2pFS3F0LVM2aHFIcEYtVjRickhENl9Fd0xmVTM2RnJMOWNPTW5HcElYWTBVU25WbGhV?oc=5,https://news.nate.com/view/20260731n14954,322.0,"antitrust_platform,earnings,financial_performance,kim_beomsoo_trial,legal_regulatory_enforcement,phishing_security,platform_obligation,policy_legislation,privacy_security_reliability",antitrust_general,2026-07-31,url_date,original_date_recent,2,136.5,privacy_security:coupang:data_leak:sanction_or_penalty,63.0,global_incident:platform_enforcement:coupang:privacy_data_violation:sanction_penalty,global_incident:platform_enforcement:coupang:privacy_data_violation,56.0,government:platform_obligation,Y,,ok,http_200,body_valid,I002,global_incident:platform_regulation:coupang:coupang_designation_disclosure,comp_domestic_direct_risk,COMPETITOR_PLATFORM_RISK,693.0,,,COMP_DOMESTIC_DIRECT_RISK,domestic,경쟁사_해외이슈,COMPETITOR_PLATFORM_RISK,comp_domestic_direct_risk,global_incident:platform_regulation:coupang:coupang_designation_disclosure,global_incident:platform_regulation:coupang:coupang_designation_disclosure,카카오가 경쟁사 전략·리스크·AI/플랫폼 대응을 비교 참고할 이슈,4,4,5,로컬 보조 라벨 / v26.2: overseas structural industry candidate,로컬 보조 라벨 / v26.2: overseas structural industry candidate,issue_selected,KT,경쟁사/해외이슈,경쟁사_해외이슈,경쟁사_해외이슈,정부_국회,정부/국회,4,본문추출성공,reassign:v27_korean_official_platform_enforcement_to_gov:platform_enforcement:coupang:privacy_data_violation,pass:representative_aligned,6,"KT, 368명 2.4억원 무단결제 피해 확인 과징금 540억원…쿠팡 8%·SKT 40% 수준 미국선 2차 피해 확인돼야 손해 배상 가능 “과징금 산정 기준 모호…제도 개선해야” 과징금 540억원…쿠팡 8%·SKT 40% 수준 미국선 2차 피해 확인돼야 손해 배상 가능 “과징금 산정 기준 모호…제도 개선해야” 서울 송파구 쿠팡 본사 [헤럴드DB] [헤럴드경제=강승연 기자] KT가 개인정보 유출 사고로 540억원의 과징금을 부과받자 쿠팡과의 제재 형평성 논란에 불이 붙고 있다.",정부_국회,"""2차피해 없는데 과징금은 KT 10배?"" 쿠팡 형평성 논란",https://news.nate.com/view/20260731n14954,네이트,CEO_Morning_Briefing,CEO_Morning_Briefing,6,,,경쟁사_해외이슈->정부_국회:v27_korean_official_platform_enforcement_to_gov:platform_enforcement:coupang:privacy_data_violation
정부_국회,정부/국회,구글,"개인정보위, KT 개인정보 유출에 540억 과징금…LG유플러스 수사의뢰",앱스토리,앱스토리,"Thu, 30 Jul 2026 05:38:17 GMT","Thu, 30 Jul 2026 05:38:17 GMT","개인정보위, KT 개인정보 유출에 540억 과징금…LG유플러스 수사의뢰 앱스토리","개인정보위, KT 개인정보 유출에 540억 과징금…LG유플러스 수사의뢰 기사 입력시간 : 2026.07.30 14:38:17 | 김형광 기자 AI 요약 인공지능이 자동으로 줄인 ‘세줄 요약’ 기술을 사용합니다. 전체 내용을 이해하기 위해서는 기사 본문과 함께 읽어야 합니다. 결론 개인정보보호위원회는 KT와 LG유플러스의 개인정보 유출 사고에 대해 제재 처분을 의결했다고 밝혔습니다. KT는 약 540억 원의 과징금과 시정명령을 부과받았으며, LG유플러스는 조사 과정에서의 자료 관리 문제로 수사를 의뢰받았습니다. 조사 결과 KT는 불법 펨토셀 해킹으로 1만6,647명의 개인정보가 유출되었고, 이 중 368명은 소액결제 피해를 입은 것으로 확인되었습니다. 개인정보위는 이번 처분을 통해 기업이 개인정보 보호 의무를 최고경영진 차원의 관리 책임으로 인식해야 한다고 강조하며, 사고 발생 이후의 투명성과 자료 보존 의무가 제재 기준이 될 것이라고 밝혔습니다. #개인정보보호위원회 #KT #LG유플러스 #개인정보유출 #과징금 기사 입력시간 : 2026.07.30 14:38:17 | 김형광 기자 AI 요약 인공지능이 자동으로 줄인 ‘세줄 요약’ 기술을 사용합니다. 전체 내용을 이해하기 위해서는 기사 본문과 함께 읽어야 합니다. 결론 개인정보보호위원회는 KT와 LG유플러스의 개인정보 유출 사고에 대해 제재 처분을 의결했다고 밝혔습니다. KT는 약 540억 원의 과징금과 시정명령을 부과받았으며, LG유플러스는 조사 과정에서의 자료 관리 문제로 수사를 의뢰받았습니다. 조사 결과 KT는 불법 펨토셀 해킹으로 1만6,647명의 개인정보가 유출되었고, 이 중 368명은 소액결제 피해를 입은 것으로 확인되었습니다. 개인정보위는 이번 처분을 통해 기업이 개인정보 보호 의무를 최고경영진 차원의 관리 책임으로 인식해야 한다고 강조하며, 사고 발생 이후의 투명성과 자료 보존 의무가 제재 기준이 될 것이라고 밝혔습니다. #개인정보보호위원회 #KT #LG유플러스 #개인정보유출 #과징금 기사 입력시간 : 2026.07.30 14:38:17 | 김형광 기자 AI 요약 인공지능이 자동으로 줄인 ‘세줄 요약’ 기술을 사용합니다. 전체 내용을 이해하기 위해서는 기사 본문과 함께 읽어야 합니다. 결론 개인정보보호위원회는 KT와 LG유플러스의 개인정보 유출 사고에 대해 제재 처분을 의결했다고 밝혔습니다. KT는 약 540억 원의 과징금과 시정명령을 부과받았으며, LG유플러스는 조사 과정에서의 자료 관리 문제로 수사를 의뢰받았습니다. 조사 결과 KT는 불법 펨토셀 해킹으로 1만6,647명의 개인정보가 유출되었고, 이 중 368명은 소액결제 피해를 입은 것으로 확인되었습니다. 개인정보위는 이번 처분을 통해 기업이 개인정보 보호 의무를 최고경영진 차원의 관리 책임으로 인식해야 한다고 강조하며, 사고 발생 이후의 투명성과 자료 보존 의무가 제재 기준이 될 것이라고 밝혔습니다. #개인정보보호위원회 #KT #LG유플러스 #개인정보유출 #과징금 AI 요약 인공지능이 자동으로 줄인 ‘세줄 요약’ 기술을 사용합니다. 전체 내용을 이해하기 위해서는 기사 본문과 함께 읽어야 합니다. 인공지능이 자동으로 줄인 ‘세줄 요약’ 기술을 사용합니다. 전체 내용을 이해하기 위해서는 기사 본문과 함께 읽어야 합니다. 개인정보보호위원회는 KT와 LG유플러스의 개인정보 유출 사고에 대해 제재 처분을 의결했다고 밝혔습니다. 개인정보보호위원회가 KT와 LG유플러스의 개인정보 유출 사고에 대한 제재 처분을 의결했다. KT에는 약 540억 원의 과징금과 시정명령을 부과하고, LG유플러스에 대해서는 개인정보 유출 조사 과정에서의 자료 관리 문제 등을 이유로 수사를 의뢰했다. 이번 처분은 대형 통신사의 개인정보 보호 관리 체계와 사고 대응 책임을 강하게 묻는 조치로 평가된다. 개인정보위 조사 결과 KT는 불법 펨토셀을 통한 해킹으로 총 1만6,647명의 개인정보가 유출된 것으로 확인됐다. 유출된 정보는 가입자 식별 정보와 인증 관련 정보 등이 포함됐으며, 이 가운데 368명은 약 2억4,000만 원 규모의 소액결제 피해를 입은 것으로 조사됐다. 개인정보위는 KT가 불법 펨토셀 관리와 접근통제 등 개인정보 보호 조치를 제대로 이행하지 않은 점을 주요 위반 사항으로 판단했다. 개인정보위는 KT에 개인정보 보호법 위반 책임을 물어 539억7,900만 원의 과징금을 부과했다. 또한 사고 원인 조사 과정에서 악성코드 감염 사실을 신고하지 않고, 관련 로그를 삭제하거나 조사 과정에서 부정확한 자료를 제출한 정황을 확인해 별도의 고발 조치도 진행하기로 했다. LG유플러스 역시 개인정보 유출 사고 조사 과정에서 문제가 확인됐다. 개인정보위는 LG유플러스가 사고 관련 서버를 폐기하는 등 조사에 필요한 자료 확보를 어렵게 한 정황을 확인하고, 증거 은닉 및 폐기 여부에 대한 수사를 의뢰하기로 했다. 개인정보위는 이번 처분을 계기로 개인정보 사고 발생 이후 증거를 훼손하거나 조사를 방해하는 행위에 대한 제재 강화 방안도 검토할 방침이다. 이번 제재는 최근 통신·플랫폼 기업에서 대규모 개인정보 유출 사고가 잇따르는 가운데 내려진 조치다. 개인정보위는 기업이 개인정보 보호 의무를 단순한 보안 투자 수준이 아니라 최고경영진 차원의 관리 책임으로 인식해야 한다는 점을 강조하고 있다. 특히 사고 발생 이후 대응 과정에서의 투명성과 자료 보존 의무가 향후 제재 수준을 결정하는 중요한 기준이 될 전망이다. 김형광 기자 press@appstory.co.kr 픽스 쿨 휴대용 냉각 선풍기 XPF-502 상품보기 픽스 트랩 전기 파리 모기채 XMR-301 상품보기 아이랩 듀얼 무선 청소기 상품보기 코릭 접이식 멀티쿠커 상품보기 알로코리아 고속충전 보조배터리 10000mAh/20000mAh/30000mAh 상품보기 픽스 쿨 휴대용 냉각 선풍기 XPF-502 상품보기 픽스 트랩 전기 파리 모기채 XMR-301 상품보기 알로코리아 고속충전 보조배터리 10000mAh/20000mAh/30000mAh 상품보기 #KT개인정보유출 #LG유플러스개인정보유출 #개인정보보호위원회 #개인정보위 #개인정보유출 #KT과징금 #통신사해킹 #펨토셀해킹 #개인정보보호법 #정보보안",3026,bs4_selector,86.0,good,180.0,True,False,https://news.google.com/rss/articles/CBMiT0FVX3lxTFBMQU1zRHc3cXpaQl9xTGxBRTFzNk9pcEVLLU00RlNtcDlJa2lmSUUzSTFIMHY2VjRwOVQ2V3ZCQ2xGNkVCYzZzRmVtYURfZnc?oc=5,https://news.appstory.co.kr/daily19431,344.5,"ai_infrastructure_security,antitrust_platform,legal_regulatory_enforcement,phishing_security,platform_obligation,policy_legislation,privacy_security_reliability,strategy_mna_governance",antitrust_general,2026-07-30,json_ld:datePublished,original_date_recent,4,253.4,privacy_security:kt:data_leak:sanction_or_penalty,77.0,global_incident:platform_regulation:kt:platform_content_moderation_obligation:sanction_penalty,global_incident:platform_regulation:kt:platform_content_moderation_obligation,56.0,government:platform_obligation,Y,,ok,http_200,body_valid,I007,global_incident:platform_regulation:kt:platform_data_protection_obligation,government_platform_regulation,GOV_PLATFORM_REGULATION,639.0,DIRECT_RISK,GOV_DIRECT_PLATFORM_OBLIGATION,COMP_DOMESTIC_DIRECT_RISK,domestic,정부_국회,GOV_PLATFORM_REGULATION,government_platform_regulation,global_incident:platform_regulation:kt:platform_data_protection_obligation,global_incident:platform_regulation:kt:platform_data_protection_obligation,카카오 또는 주요 플랫폼 사업자에게 직접 의무·차단·보고·준수 부담이 생김,5,5,5,로컬 보조 라벨,로컬 보조 라벨 / v26: 오늘 새 직접 사건·진전 / 로컬 보조 라벨 / 로컬 보조 라벨 / v26.2: overseas structural industry candidate / v26.2: no central Korean public actor/action for Government section: no_public_actor_action_domain / v26.2: overseas structural industry candidate / v26.2: no central Korean public actor/action for Government section: no_public_actor_action_domain,issue_selected,구글,경쟁사/해외이슈,경쟁사_해외이슈,정부_국회,정부_국회,정부/국회,12,본문추출성공,pass:v26_2_public_actor_action_pass:public_actor_official_action,pass:representative_aligned,7,"개인정보위, KT 개인정보 유출에 540억 과징금…LG유플러스 수사의뢰 기사 입력시간 : 2026.07.30 14:38:17 | 김형광 기자 AI 요약 인공지능이 자동으로 줄인 ‘세줄 요약’ 기술을 사용합니다. #개인정보보호위원회 #KT #LG유플러스 #개인정보유출 #과징금 기사 입력시간 : 2026.07.30 14:38:17 | 김형광 기자 AI 요약 인공지능이 자동으로 줄인 ‘세줄 요약’ 기술을 사용합니다.",정부_국회,"개인정보위, KT 개인정보 유출에 540억 과징금…LG유플러스 수사의뢰",https://news.appstory.co.kr/daily19431,앱스토리,CEO_Morning_Briefing,CEO_Morning_Briefing,7,,Y,
정부_국회,정부/국회,방송미디어통신위원회,"지역방송사도 AI 기술 적용한다…방미통위, AI 제작 실증 지원",뉴시스,뉴시스,"Fri, 31 Jul 2026 01:37:33 GMT","Fri, 31 Jul 2026 01:37:33 GMT","지역방송사도 AI 기술 적용한다…방미통위, AI 제작 실증 지원 뉴시스","등록 2026.07.31 10:37:33 수정 2026.07.31 11:08:24 [서울=뉴시스] 정부가 지원하는 '올해 지역방송 AI 제작 교육' 현장. 사진은 1차(대전·충청) 교육. (사진=방미통위 제공) 2026.07.31. [email protected] *재판매 및 DB 금지 모두의 창업 개인정보 유출 사고… 국내 IP 39개 접근 시도 육군 특전사, 30도 넘는 무더위 속 해상침투훈련 실시 한-칠레, 광물자원·치안협력·해양안보 등 MOU 5건 체결 '멱살 항의' 권영진, 의원총회서 사과… ""윤리위 결과 기다릴 것"" ""AI 회의론 걷히자 코스피 불기둥 삼성전자·SK하닉, 20%대 급등 SK스퀘어와 삼성전기가 31일 장중 가격제한폭까지 치솟았다. 지난 30일(현지시간) 발표된 마이크로소프트(MS)의 깜짝 실적에 미국 반도체주가 폭등하고, 인공지능(AI) 투자 둔화 우려가 해소되며 AI 반도체, AI 인프라 업종에 훈풍이 불었다. 한국거래소에 따르면 이날 오전 10시27분 현재 SK하이닉스 최대주주인 SK스퀘어는 29.91% 與, '보완수사 폐지' 오늘 처리…野 ""희대 악법"" 20조+α '국부펀드' 윤곽…전략산업 장기 투자 2분기 하루 평균 외환거래 1214.4억 달러…사상 최대 쿠팡 정보유출 첫 배상 결정…""1인당 10만원"" 이강인, 결국 스페인행 불발 韓서 아틀레티코 데뷔 유력 문근영, 결혼 발표 후 ""많은 축하 받아 울컥"" '86세' 전원주, 33세 몸짱남 가슴 '더듬더듬'에 갑론을박 김세인, 생활고·노출 연기 감행 고백…""가족 부양 위해"" ""러브버그인 줄, 보기 민망해""…지하철 스킨십 '민폐 커플' 이 대통령 ""핵심광물 넘어 첨단·방산 시너지 확신""…칠레 차관 ""대규모 경제사절단 韓 파견""(종합2보) 최태원의 완벽한 '저점매수'…SK하닉 매입 하루 만에 12억 평가차익 AI 데이터센터도 '빅테크 보증' 시대…구글, 앤트로픽 21.5조원 조달 지원 제니, 과감한 망사 시스루 완벽…99년도 빈티지 드레스 눈길 김민석 ""反明 행태 위험수위…정청래가 바탕 깔고 유시민이 장 열어"" 훈련 중 미군 무인기 오인해 격추할 뻔…군, 방공작전 태세 '두루미' 발령 이 대통령 ""한-칠레 FTA 자유무역위원회 10년만 재가동…광물·에너지 협력"" 이 대통령 ""한-칠레 FTA 자유무역위원회 10년만 재가동…광물자원 공급망 협력""(종합) 한-칠레, 광물 협의체 장관급 격상…자원·치안협력 등 MOU 5건 체결 트럼프 ""평화위원회, 하마스 완전 무장해제 역사적 합의"" '안 입는 옷 빌려주고 월 580만원'…미국서 뜨는 '옷장 공유' 사업 AI 투자 광풍 끝에 마진콜…439% 수익률 헤지펀드, 시타델에 자산 매각 미군 ""이란, 美전투기 파괴 주장은 거짓…모두 요격"" 뉴욕증시, MS 실적·반도체 강세 힘입어 상승 마감 우버-배민 한지붕…공정위 '플랫폼 공룡' 심사 쟁점은? '원조 부촌' 방배동의 귀환…하이엔드 브랜드 집결 현대·GS '7조 클럽' 양강…삼성은 강남권에 '래미안 벨트' 6월 산업생산 2.3%↑…6년만에 최대폭 증가(1보) 삼전하닉 주가 회복돼도 내 계좌는 마이너스?…'2배 레버리지'의 덫 금융당국, 레버리지 총량규제 시뮬레이션 착수…경과조치 마련도 검토 ""땡큐, MS"" 프리마켓서 삼성전자 13%·SK하이닉스 16% 급등 ""파란불이 폭염보다 무섭다""…2030 개미들, 배달앱 삭제하고 '지갑 봉쇄' 삼전닉스 레버리지, 오늘부터 현금 3000만원 있어야 산다…개미들 문턱 높아져 ""이런 폭등은 없었다""…코스피, '역대 최대' 17%대 치솟으며 6500선 탈환 ""규정상 최대치"" 최태원 SK하이닉스株 첫 매수 '50억원 아래'로 묶인 까닭 SK하이닉스 ""성과급 절반 이상 주식 지급"" 대안 제시…'임단협 평행선' 정부, 한국판 IRA 시동…반쪽 지원 우려 나오는 이유는? 갤럭시 Z8 사전예약 절반이 1030…폴드8·크림색 인기 필수약 또 중단?…8월 약가인하 앞두고 수급불안↑ 쿠팡 개인정보 유출 첫 배상 결정…분쟁조정위 ""1인당 10만원 지급"" 식약처 산하 경영평가 '우수'…마퇴본 3년째 'C등급' SKT 'T끼리 온가족할인' 상품 막 내린다…내일부터 신규 판매 중단 ""임신 준비, 아빠도 식단 관리해야""…초가공식품 즐기면 아기 출생 체중 늘어 IT기업이 한옥호텔 지은 이유…코나아이 ""AI시대, 문화 판다"" 맨발로 수원역 뒹군 여성…필로폰 투약 시인(영상) ""축의금 14만원 냈는데, 식대만 16만원""…강남 결혼식 다녀온 하객의 씁쓸한 고백 ""차 들어올 건데요"" 사람이 몸으로 막는 주차장…법적 처벌 가능한가 서울시 공공기관 통합채용 실시…14개 기관 110명 선발 서울 아파트 월세 고공행진…상반기 상승률 역대 최고 ""게스트하우스 왜 가나요"" …외국인 특별 템플스테이, 1박에 3만원 서울시, 메가MGC커피와 커피박 분리배출·재활용 확대 밤중 고양 아파트 7층서 불…자전거 배터리 원인 추정 서울시, 건축공사 동영상 기록관리 개선…조례 개정 추진 '알몸살해' 정재환, 범행 스모킹건 흉기 찾았다 정부, 메가특구 주52시간 예외 추진…기간제 완화도 검토 낮 최고 38도 찜통더위 지속…경주 38도·포항 37도 병풍은 가구가 아니다 한국화의 '열린 화면'…아라리오컬렉션 한솥아트스페이스에 여름 바다…이상원 개인전 'RESTOPIA' 정선 풍경, 유근택의 '창문'으로 이어지다…겸재정선미술관 '숨'展 별세 후 더 커진 관심…히가시노 게이고 신작 '투명한 나선' 4위 셰익스피어의 오셀로, 록뮤지컬로 본다…'오셀로와 이아고' 서울 세계청년대회 조직위, 신라스테이와 업무협약 '올스타까지 제패' 손흥민, 밴쿠버전서 4경기 연속골 도전 탄탄한 마운드 앞세워 후반기 매서운 질주…KT, 선두 탈환 보인다 K리그1 1위 서울 vs 2위 전북…통산 95번째 '전설매치' UEFA, FIFA에 보이콧 선언…""월드컵은 투자 상품 아니다"" '메이저 3연승 도전' 유해란, AIG 여자오픈 첫날 공동 2위 '아틀레티코 이적' 이강인, 결국 현지 합류 불발…한국서 데뷔전 유력 오현규의 베식타시, '조규성·이한범' 미트윌란 꺾고 UEL 3차 예선행 내한 앞둔 뮌헨, 아마추어 상대로 15-0 대승…김민재 31분 소화 이영표, 월드컵 탈락에 2000만원 날렸다 ""LA전 티켓 20장 무료 나눔"" '청와대 입성' 박진영 ""세계 최대 K-코첼라 만들겠다"" '7세 연상 정평과 결혼' 문근영 ""울컥했다"" 8기 영수·여자 2호 & 26기 영철·여자 4호…'나솔사계' 커플 2쌍 탄생 1 갤럭시 Z8 사전예약 절반이 1030…폴드8·크림색 인기 2 필수약 또 중단?…8월 약가인하 앞두고 수급불안↑ 3 쿠팡 개인정보 유출 첫 배상 결정…분쟁조정위 ""1인당 10만원 지급"" 4 식약처 산하 경영평가 '우수'…마퇴본 3년째 'C등급' 5 SKT 'T끼리 온가족할인' 상품 막 내린다…내일부터 신규 판매 중단 6 ""임신 준비, 아빠도 식단 관리해야""…초가공식품 즐기면 아기 출생 체중 늘어 7 IT기업이 한옥호텔 지은 이유…코나아이 ""AI시대, 문화 판다"" 1 '86세' 전원주, 33세 몸짱남 가슴 '더듬더듬'에 갑론을박 2 김세인, 생활고·노출 연기 감행 고백…""가족 부양 위해"" 3 ""러브버그인 줄, 보기 민망해""…지하철 스킨십 '민폐 커플' 4 이 대통령 ""핵심광물 넘어 첨단·방산 시너지 확신""…칠레 차관 ""대규모 경제사절단 韓 파견""(종합2보) 5 최태원의 완벽한 '저점매수'…SK하닉 매입 하루 만에 12억 평가차익 6 AI 데이터센터도 '빅테크 보증' 시대…구글, 앤트로픽 21.5조원 조달 지원 7 제니, 과감한 망사 시스루 완벽…99년도 빈티지 드레스 눈길 실적 행진 은행권, 우수 中企 공급 고민할 때 송우현 ""북항 돔구장 막연한 구상…사직 재건축 결단해야"" [부니콘]⑤해양드론기술, AI로 바다를 읽다…""원양어업 혁신"" ""부모 몰라보는 직원은 필요 없다""…'불효 직원' 해고한 中 회장 대표이사 : 염영남 주소 : 서울 중구 퇴계로 173 남산스퀘어빌딩 (구 극동빌딩) 12층 사업자등록번호 : 102-81-36588 발행인 : 염영남 편집인 : 염영남 고충처리인 : 김경원 통신판매업신고 : 서울중구 0398호 문의 02-721-7400 [email protected]",3973,bs4_selector,86.0,good,279.5,True,False,https://news.google.com/rss/articles/CBMiYEFVX3lxTE1aM1J2cUI2ZzM1c1E3UWI5OTdhM3BtZ0JtNFRNVk0zbHBJb2xtTmlBSlN0M2I4SldEN3lEQnpLNHhxR2JlYTkzS1RFN2dKX3VTOFNrOG5tQUZWNzFmNFV3WtIBeEFVX3lxTFBQcVE5ZGRnN3poeENXWEQ4bnNDcFlqaGttODE3UUFta04zUDVVNHcxMGtQSUJTV0Robl9odVdxd1pZTjY2RXc1YXFkU3BPb1FNRXFNaTQ2UnlpZkc1dTBPVS1UcWZRcXZhbVpUTUVJOGhvZVhrWE15Qg?oc=5,https://www.newsis.com/view/NISX20260731_0003731241,111.6,"ai_infrastructure_security,aidc_datacenter,antitrust_platform,earnings,financial_performance,labor_dispute,labor_negotiation,legal_regulatory_enforcement,market_power_platform,phishing_security,platform_obligation,policy_legislation,privacy_security_reliability,strategy_mna_governance",labor_general,2026-07-31,url_date,original_date_recent,8,337.05,privacy_security:coupang:data_leak:initial_investigation_response,77.0,global_incident:platform_enforcement:coupang:delivery_platform_fee_mfn:general,global_incident:platform_enforcement:coupang:delivery_platform_fee_mfn,56.0,government:platform_obligation,Y,,ok,http_200,body_valid,I068,government_ai_core_policy:지역방송사도 ai 기술 적용한다 방미통위 ai 제작 실증 지원,government_ai_core_policy,GOV_AI_DIGITAL_POLICY,339.5,,GOV_AI_CORE_POLICY,,other,정부_국회,GOV_AI_DIGITAL_POLICY,government_ai_core_policy,government_ai_core_policy:지역방송사도 ai 기술 적용한다 방미통위 ai 제작 실증 지원,government_ai_core_policy:지역방송사도 ai 기술 적용한다 방미통위 ai 제작 실증 지원,카카오 AI agent/AI 서비스 전략과 연결되는 핵심 정책환경,5,4,5,로컬 보조 라벨,v43_hard_min:산업동향: daily-safe portfolio rescue,issue_selected,방송미디어통신위원회,정부/국회,정부_국회,정부_국회,정부_국회,정부/국회,21,본문추출성공,pass:v26_2_public_actor_action_pass:platform_obligation,pass:representative_aligned,8,"[email protected] *재판매 및 DB 금지 모두의 창업 개인정보 유출 사고… 국내 IP 39개 접근 시도 육군 특전사, 30도 넘는 무더위 속 해상침투훈련 실시 한-칠레, 광물자원·치안협력·해양안보 등 MOU 5건 체결 '멱살 항의' 권영진, 의원총회서 사과… ""윤리위 결과 기다릴 것"" ""AI 회의론 걷히자 코스피 불기둥 삼성전자·SK하닉, 20%대 급등 SK스퀘어와 삼성전기가 31일 장중 가격제한폭까지 치솟았다.",정부_국회,"지역방송사도 AI 기술 적용한다…방미통위, AI 제작 실증 지원",https://www.newsis.com/view/NISX20260731_0003731241,뉴시스,CEO_Morning_Briefing,CEO_Morning_Briefing,8,v43_hard_min:산업동향,Y,
경쟁사_해외이슈,경쟁사/해외이슈,구글,"구글보다 13년 늦었다…네이버, 클라우드 빗장 이제야 푼 속내 [팩플]",미주중앙일보,미주중앙일보,"Thu, 30 Jul 2026 20:00:00 GMT","Thu, 30 Jul 2026 20:00:00 GMT","구글보다 13년 늦었다…네이버, 클라우드 빗장 이제야 푼 속내 [팩플] 미주중앙일보","구글보다 13년 늦었다…네이버, 클라우드 빗장 이제야 푼 속내 [팩플] 네이버가 지금까지 폐쇄적으로 운영하던 개인 이용자의 클라우드를 외부에 개방한다. 인공지능(AI)을 에이전트(비서)로 쓰는 이용자가 증가함에 따른 조치다.네이버는 다음 달 11일부터 이용 약관을 변경해 네이버 ‘마이박스(MYBOX)’에 오픈 응용프로그램 인터페이스(API)를 적용한다고 30일 밝혔다. 이를 위해 이용자에게 ‘개인 액세스 토큰’(비밀번호 대신 접근권을 부여하는 인증방식)을 부여한다. 이를 활용하면 이용자는 별도 로그인 과정 없이 개인 저장소와 AI 에이전트를 연동할 수 있다. AI가 이용자 파일을 언제든 열람·편집할 수 있는 경로가 열린 것. 다만 네이버는 다른 기업이 마이박스를 자사 앱에 직접 연결하는 기능인 오픈 인증(open authorization)은 도입하지 않는다. 네이버 마이박스는 2020년 네이버가 출시한 온라인 클라우드 서비스다. 시장조사기관 와이즈앱에 따르면 국내 사용자 수는 446만명(지난해말 기준)으로, 구글 드라이브(952만명) 이어 2위다.네이버가 이를 개방한건 AI에이전트를 활용하고 싶어하는 이용자 불만을 해소하기 위해서다. 이전까지 이용자들은 AI를 활용하기 위해선 저장소 내 파일을 하나씩 내려받은 뒤 다시 이를 AI에 입력해야 됐다. 접근이 어려운 탓에 24시간 동안 AI에이전트를 가동할 수 없었다. 이런 불편을 토로하는 이용자가 늘어나자 네이버도 개방을 선택한 것. 네이버클라우드 관계자는 “AI에이전트 활용 범위가 점점 늘어나 이용자들이 오픈API를 제공하라는 요청도 잦아졌다”고 설명했다.다만 IT업계에선 네이버가 개방을 결정한 시점이 너무 늦었다는 비판도 나온다. 경쟁 서비스는 AI가 등장하기 전부터 개인 저장소를 외부 서비스와 연동할 수 있게 오픈API를 적용해왔다. 구글 드라이브는 2013년에 오픈API를 제공했고, 마이크로소프트도 2015년부터 오픈API를 도입했다. 카카오는 AI에이전트 끼리 데이터를 주고받을 수 있는 모델 컨텍스트 프로토콜(MCP)을 지난해 도입했다. 클라우드업계 관계자는 “네이버가 멤버십 혜택으로 클라우드 서비스를 제공해 이용자 수를 늘렸지만, 성장이 정체되자 개방을 선택한 것 같다”며 “다만 시점이 늦었다”고 말했다.오현우( [email protected]",1137,newspaper3k,76.0,good,106.5,True,False,https://news.google.com/rss/articles/CBMiYkFVX3lxTFBIUGRQY2xpZFp3akpya2VrS3l0TlhUUkRSbEZFMU5lSW12SkxiaXF1bDhzLVBGekJqVndkX0FiVkNuM1ZiUU0wUkE2eV80NDFRU0xVVG96cnUwSHFSbExTOFh3?oc=5,https://www.koreadaily.com/article/20260730130056923,307.0,"ai_agent,ai_infrastructure_security,platform_obligation,self_pr_promo",ai_infrastructure_security,2026-07-31,json_ld:datePublished,original_date_recent,7,181.95,,7.0,global_incident:platform_enforcement:naver:deceptive_membership_price_ad:investigation_review,global_incident:platform_enforcement:naver:deceptive_membership_price_ad,48.0,self:platform_obligation,Y,,ok,http_200,body_valid,I008,comp_domestic_ai_platform:구글보다 13년 늦었다 네이버 클라우드 빗장 이제야 푼 속내 팩플,comp_domestic_ai_platform,COMPETITOR_AI_STRATEGY,634.5,,,COMP_DOMESTIC_AI_PLATFORM,mixed,경쟁사_해외이슈,COMPETITOR_AI_STRATEGY,comp_domestic_ai_platform,comp_domestic_ai_platform:구글보다 13년 늦었다 네이버 클라우드 빗장 이제야 푼 속내 팩플,comp_domestic_ai_platform:구글보다 13년 늦었다 네이버 클라우드 빗장 이제야 푼 속내 팩플,카카오가 경쟁사 전략·리스크·AI/플랫폼 대응을 비교 참고할 이슈,4,4,5,로컬 보조 라벨 / v26.2: overseas structural industry candidate,로컬 보조 라벨 / v26.2: overseas structural industry candidate,issue_selected,구글,경쟁사/해외이슈,경쟁사_해외이슈,경쟁사_해외이슈,경쟁사_해외이슈,경쟁사/해외이슈,6,본문추출성공,pass:competitor_guardrail_pass,pass:representative_aligned,9,"13년 늦었다…네이버, 클라우드 빗장 이제야 푼 속내 [팩플] 네이버가 지금까지 폐쇄적으로 운영하던 개인 이용자의 클라우드를 외부에 개방한다. 달 11일부터 이용 약관을 변경해 네이버 ‘마이박스(MYBOX)’에 오픈 응용프로그램 인터페이스(API)를 적용한다고 30일 밝혔다.",경쟁사_해외이슈,"구글보다 13년 늦었다…네이버, 클라우드 빗장 이제야 푼 속내 [팩플]",https://www.koreadaily.com/article/20260730130056923,미주중앙일보,CEO_Morning_Briefing,CEO_Morning_Briefing,9,,,
경쟁사_해외이슈,경쟁사/해외이슈,SKT,"SKT, 신규 광고·로보틱스 스타트업 간담회 진행…미래 기술 혁신 강화",polinews.co.kr,polinews.co.kr,"Fri, 31 Jul 2026 03:33:46 GMT","Fri, 31 Jul 2026 03:33:46 GMT","SKT, 신규 광고·로보틱스 스타트업 간담회 진행…미래 기술 혁신 강화 polinews.co.kr","SK텔레콤이 신규 단말 광고 공개와 로보틱스 스타트업 간담회를 진행했다고 31일 밝혔다. 회사에 따르면 신규 광고는 배우 한석규가 출연해 1998년 '스피드011' 광고 연출을 재현한 영상이다. 대나무 숲에서 사전예약 알림이 울리면 단말을 접어 통화를 종료하는 내용을 담았다. 다큐멘터리 형식을 적용한 별도 영상에서는 동영상 요금제 결합 방식을 다뤘다. 해당 영상군은 공개 24시간 만에 조회수 278만 회를 기록했다. 기술 협력 분야에서는 지난 30일 서울 종로구 서린사옥에서 SK그룹 관계사 경영진과 가우스랩스, 마키나락스, 씨메스로보틱스 등 8개 스타트업 대표들이 참석한 간담회가 열렸다. 참석자들은 휴머노이드, 착용형 로봇, 산업용 협동로봇, 로봇 기본 모델(RFM)의 산업 현장 적용 방안을 다뤘다. SK텔레콤은 가상 공간 기술로 로봇 학습용 데이터를 축적하는 협업 방안을 제시했다. 업계에서는 기존 브랜드 자산을 활용해 이용자 신뢰를 다지는 한편, 가상 인프라와 로봇 기기를 연계해 산업 적용 시점을 앞당기려는 전략으로 평가한다. 정보영 기자 byjung@polinews.co.kr 키워드 #SK텔레콤 #신규 광고 #한석규 #폴리뉴스 #스피드011 [속보]일본 규슈 규모 7.1 강진…순천시에서도 ""건물이 흔들렸다"" 지진 감지 [정국인터뷰] 윤희석 ""장동혁 지도부 9월 전 비대위로…통합전대 이뤄져야"" [조자경의 나비효과] 오비맥주 살린 어피니티, 홈플러스 무너뜨린 MBK… 사모펀드의 두 얼굴 [김능구·황장수의 닥터둠의 전망 7월①][전문] 양극화·부동산·주식 '3대 아킬레스건'... 이재명 정부 성패 달려 [정국인터뷰] 박성준, 최고위원 선거 출사표…""총선승리·정권재창출 이끌 전략가 필요한 때"" [이슈] 외신, 韓노조 영업이익 연동형 성과급 요구에 ""투자 리스크"" 경고…李 ""성과급, 쟁의대상 아냐"" 재계 '재협상' [마감시황] 중동發 유가 쇼크...코스피 5.7% 급락, 다시 6700선 [속보]일본 규슈 규모 7.1 강진…순천시에서도 ""건물이 흔들렸다"" 지진 감지 [속보]일본 규슈 규모 7.1 강진…순천시에서도 ""건물이 흔들렸다"" 지진 감지 [정국인터뷰] 윤희석 ""장동혁 지도부 9월 전 비대위로…통합전대 이뤄져야"" [조자경의 나비효과] 오비맥주 살린 어피니티, 홈플러스 무너뜨린 MBK… 사모펀드의 두 얼굴 [김능구·황장수의 닥터둠의 전망 7월①][전문] 양극화·부동산·주식 '3대 아킬레스건'... 이재명 정부 성패 달려 [정국인터뷰] 박성준, 최고위원 선거 출사표…""총선승리·정권재창출 이끌 전략가 필요한 때"" [이슈] 외신, 韓노조 영업이익 연동형 성과급 요구에 ""투자 리스크"" 경고…李 ""성과급, 쟁의대상 아냐"" 재계 '재협상' [마감시황] 중동發 유가 쇼크...코스피 5.7% 급락, 다시 6700선 [속보]일본 규슈 규모 7.1 강진…순천시에서도 ""건물이 흔들렸다"" 지진 감지 [정국인터뷰] 윤희석 ""장동혁 지도부 9월 전 비대위로…통합전대 이뤄져야"" [조자경의 나비효과] 오비맥주 살린 어피니티, 홈플러스 무너뜨린 MBK… 사모펀드의 두 얼굴 [김능구·황장수의 닥터둠의 전망 7월①][전문] 양극화·부동산·주식 '3대 아킬레스건'... 이재명 정부 성패 달려 [정국인터뷰] 박성준, 최고위원 선거 출사표…""총선승리·정권재창출 이끌 전략가 필요한 때"" [이슈] 외신, 韓노조 영업이익 연동형 성과급 요구에 ""투자 리스크"" 경고…李 ""성과급, 쟁의대상 아냐"" 재계 '재협상' [마감시황] 중동發 유가 쇼크...코스피 5.7% 급락, 다시 6700선 [이슈] 연준 금리 동결에도 매파 기조 강화…9월 추가 인상 가능성에 시장 촉각 김용민 ""공소기각 사유 확대, 법원이 검찰 기소 통제하란 것"" 하학열 고성군수, 고수온·적조 대비 양식장 현장점검 GS건설, 스노우플레이크 도입…업무 정보 일원화 김현수 하동군수, 관행 줄이고 실용행정 전환 SKT, 신규 광고·로보틱스 스타트업 간담회 진행…미래 기술 혁신 강화 [이슈] 연준 금리 동결에도 매파 기조 강화…9월 추가 인상 가능성에 시장 촉각 김용민 ""공소기각 사유 확대, 법원이 검찰 기소 통제하란 것"" 하학열 고성군수, 고수온·적조 대비 양식장 현장점검 GS건설, 스노우플레이크 도입…업무 정보 일원화 SKT, 신규 광고·로보틱스 스타트업 간담회 진행…미래 기술 혁신 강화",2102,bs4_selector,86.0,good,148.0,True,False,https://news.google.com/rss/articles/CBMibkFVX3lxTFAzaGg3MnVFdWI2NGI5UjlHOUlaVG5LTlFWLUNUQlBhVVJTLTlCdENCQnZHNkEyXzNCRlJVZ1lyNkdlMWxrUnZ5bTEtUWtaaGxidGxfdWpGVUNRTVpwUlRWWnRrMHU2OUsxM20tU0h30gFyQVVfeXFMUDVZTGQ2TjAyRjNBNVREYTlMdlZUcFpsTDhESThMRWtTRnNGTF9BQ0NjTV94SEo4NWl6ZWNJc2Jrdkh4NjI2RV9ITmVSY1Y0cjJxSXk4dzFEWTk4bnB3SGRxNGtKdWxmNklNbnlrY1FVNUV3?oc=5,https://www.polinews.co.kr/news/articleView.html?idxno=738666,235.0,"earnings,financial_performance,labor_dispute,labor_negotiation,legal_regulatory_enforcement,platform_obligation,policy_legislation,search_ads",labor_pay_dispute,2026-07-31,json_ld:datePublished,original_date_recent,4,228.0,,7.0,global_incident:platform_regulation:skt:platform_content_moderation_obligation:conflict_escalation,global_incident:platform_regulation:skt:platform_content_moderation_obligation,32.0,government:platform_obligation,Y,,ok,http_200,body_valid,I021,global_incident:platform_regulation:skt:platform_algorithm_ad_obligation,comp_domestic_finance_commerce,COMPETITOR_PLATFORM_RISK,589.5,,,COMP_DOMESTIC_FINANCE_COMMERCE,domestic,경쟁사_해외이슈,COMPETITOR_PLATFORM_RISK,comp_domestic_finance_commerce,global_incident:platform_regulation:skt:platform_algorithm_ad_obligation,global_incident:platform_regulation:skt:platform_algorithm_ad_obligation,카카오가 경쟁사 전략·리스크·AI/플랫폼 대응을 비교 참고할 이슈,4,4,5,로컬 보조 라벨 / v26.2: overseas structural industry candidate,로컬 보조 라벨 / v26.2: overseas structural industry candidate,issue_selected,SKT,경쟁사/해외이슈,경쟁사_해외이슈,경쟁사_해외이슈,경쟁사_해외이슈,경쟁사/해외이슈,13,본문추출성공,pass:competitor_guardrail_pass,pass:representative_aligned,10,SK텔레콤이 신규 단말 광고 공개와 로보틱스 스타트업 간담회를 진행했다고 31일 밝혔다. 회사에 따르면 신규 광고는 배우 한석규가 출연해 1998년 '스피드011' 광고 연출을 재현한 영상이다.,경쟁사_해외이슈,"SKT, 신규 광고·로보틱스 스타트업 간담회 진행…미래 기술 혁신 강화",https://www.polinews.co.kr/news/articleView.html?idxno=738666,polinews.co.kr,CEO_Morning_Briefing,CEO_Morning_Briefing,10,,,
경쟁사_해외이슈,경쟁사/해외이슈,KT,"KT-딥엑스-세솔, NPU 활용 차세대 AI 엣지 박스 개발 맞손",전자신문,전자신문,"Fri, 31 Jul 2026 02:24:55 GMT","Fri, 31 Jul 2026 02:24:55 GMT","KT-딥엑스-세솔, NPU 활용 차세대 AI 엣지 박스 개발 맞손 전자신문","딥엑스는 NPU 전문기업이며, 세솔은 교통·상용차 단말기를 개발하고 있다. 이번 협약은 3사가 저전력·저발열 NPU를 적용한 차세대 AI 엣지 박스 공동 개발에 협력하기 위해 마련됐다. 실시간 AI 영상분석이 필요한 EV 충전소, 이동식 CCTV, 교통 인프라 등 다양한 산업 현장으로 온디바이스 AI 서비스를 확대한다는 방침이다. 3사는 이번 협약을 바탕으로 △NPU 기반 AI 엣지 박스 공동 개발 △온디바이스 AIoT 사업 공동 추진 △EV 충전소·버스·상용차 등 교통 인프라 등 AI 영상관제 시장 저변 확대 △국내 AI 엣지 생태계 활성화 등을 위해 협력할 계획이다. KT는 안정적인 네트워크 통신망과 관제 플랫폼, 사업개발 역량을 기반으로 AI 엣지 박스 서비스의 상용화와 시장 확대를 추진한다. 딥엑스는 자체 개발한 저전력 NPU칩(DX-M1)과 소프트웨어 개발도구(SDK)를 제공하고, 세솔은 이를 적용한 AI 엣지 박스 개발과 제조, 현장 실증을 맡는다. 이번 협약을 통해 개발하는 AI 엣지 박스는 저전력·저발열 NPU를 적용해 GPU 기반 장비 대비 전력 소비와 발열을 크게 낮추고 실시간 AI 영상분석이 가능하도록 설계된다. 이를 통해 전력과 설치 공간의 제약으로 도입이 어려웠던 다양한 산업 현장에서도 안정적인 AI 영상분석 서비스를 제공할 수 있을 것으로 기대된다. 성제현 KT Enterprise부문 수도권강북법인고객본부장(상무)는 “이번 협약은 AI 반도체와 AI 엣지 기술, KT의 네트워크 및 AI 서비스 역량을 결합해 차세대 AI 영상분석 시장을 선점하기 위한 전략적 협력”이라며 “실시간 AI 영상분석이 필요한 다양한 산업 현장에 안정적이고 효율적인 AI 서비스를 제공하고 국내 온디바이스 AIoT 시장 활성화에 기여하겠다”고 말했다. 정용철 기자 jungyc@etnews.com KT는 딥엑스, 세솔과 인공지능 반도체(NPU) 기반 온디바이스 AIoT 사업 협력을 위한 업무협약(MOU)을 체결했다고 31일 밝혔다. 딥엑스는 NPU 전문기업이며, 세솔은 교통·상용차 단말기를 개발하고 있다. 이번 협약은 3사가 저전력·저발열 NPU를 적용한 차세대 AI 엣지 박스 공동 개발에 협력하기 위해 마련됐다. 실시간 AI 영상분석이 필요한 EV 충전소, 이동식 CCTV, 교통 인프라 등 다양한 산업 현장으로 온디바이스 AI 서비스를 확대한다는 방침이다. 딥엑스는 NPU 전문기업이며, 세솔은 교통·상용차 단말기를 개발하고 있다. 3사는 이번 협약을 바탕으로 △NPU 기반 AI 엣지 박스 공동 개발 △온디바이스 AIoT 사업 공동 추진 △EV 충전소·버스·상용차 등 교통 인프라 등 AI 영상관제 시장 저변 확대 △국내 AI 엣지 생태계 활성화 등을 위해 협력할 계획이다. KT는 안정적인 네트워크 통신망과 관제 플랫폼, 사업개발 역량을 기반으로 AI 엣지 박스 서비스의 상용화와 시장 확대를 추진한다. 딥엑스는 자체 개발한 저전력 NPU칩(DX-M1)과 소프트웨어 개발도구(SDK)를 제공하고, 세솔은 이를 적용한 AI 엣지 박스 개발과 제조, 현장 실증을 맡는다. 이번 협약을 통해 개발하는 AI 엣지 박스는 저전력·저발열 NPU를 적용해 GPU 기반 장비 대비 전력 소비와 발열을 크게 낮추고 실시간 AI 영상분석이 가능하도록 설계된다. 이를 통해 전력과 설치 공간의 제약으로 도입이 어려웠던 다양한 산업 현장에서도 안정적인 AI 영상분석 서비스를 제공할 수 있을 것으로 기대된다. 성제현 KT Enterprise부문 수도권강북법인고객본부장(상무)는 “이번 협약은 AI 반도체와 AI 엣지 기술, KT의 네트워크 및 AI 서비스 역량을 결합해 차세대 AI 영상분석 시장을 선점하기 위한 전략적 협력”이라며 “실시간 AI 영상분석이 필요한 다양한 산업 현장에 안정적이고 효율적인 AI 서비스를 제공하고 국내 온디바이스 AIoT 시장 활성화에 기여하겠다”고 말했다. 정용철 기자 jungyc@etnews.com",1928,bs4_selector,86.0,good,59.0,True,True,https://news.google.com/rss/articles/CBMiTkFVX3lxTE1admtPVlZpVFpxbGRKSVVfWjJabnZHTzFuQkZ6bXdqVVFaQ1lGdENmcU1mX1RHZ3hwVGNFV1FfZUtpckRYQnVGbTJjU2JsUQ?oc=5,https://www.etnews.com/20260731000178,333.0,"ai_infrastructure_security,aidc_datacenter,market_power_platform,platform_obligation,policy_legislation",aidc_law_power,2026-07-31,meta:article:published_time,original_date_recent,6,182.7,,7.0,global_incident:platform_regulation:kt:platform_content_moderation_obligation:announcement,global_incident:platform_regulation:kt:platform_content_moderation_obligation,24.0,government:platform_obligation,Y,,ok,http_200,body_valid,I022,국가 AI 인프라/AIDC/GPU 정책,comp_domestic_ai_platform,COMPETITOR_AI_STRATEGY,589.0,OFF_TOPIC,OFF_TOPIC,COMP_DOMESTIC_AI_PLATFORM,domestic,정부_국회,COMPETITOR_AI_STRATEGY,comp_domestic_ai_platform,KT 금융 AX/AI 인프라 전략,KT 금융 AX/AI 인프라 전략,카카오가 경쟁사 전략·리스크·AI/플랫폼 대응을 비교 참고할 이슈,4,4,5,로컬 보조 라벨 / v26.2: overseas structural industry candidate,v43_hard_min:산업동향: daily-safe portfolio rescue,issue_selected,KT,경쟁사/해외이슈,경쟁사_해외이슈,정부_국회,경쟁사_해외이슈,경쟁사/해외이슈,14,본문추출성공,reassign:v41_company_strategy_to_competitor,pass:representative_aligned,11,이번 협약은 3사가 저전력·저발열 NPU를 적용한 차세대 AI 엣지 박스 공동 개발에 협력하기 위해 마련됐다. 3사는 이번 협약을 바탕으로 △NPU 기반 AI 엣지 박스 공동 개발 △온디바이스 AIoT 사업 공동 추진 △EV 충전소·버스·상용차 등 교통 인프라 등 AI 영상관제 시장 저변 확대 △국내 AI 엣지 생태계 활성화 등을 위해 협력할 계획이다.,경쟁사_해외이슈,"KT-딥엑스-세솔, NPU 활용 차세대 AI 엣지 박스 개발 맞손",https://www.etnews.com/20260731000178,전자신문,CEO_Morning_Briefing,CEO_Morning_Briefing,11,v43_hard_min:산업동향,Y,정부_국회->경쟁사_해외이슈:v41_company_strategy_to_competitor
경쟁사_해외이슈,경쟁사/해외이슈,오픈AI,오픈AI 허깅페이스 해킹 이어 앤트로픽 클로드도 실제 기업 침투,바이라인네트워크,바이라인네트워크,"Fri, 31 Jul 2026 02:22:02 GMT","Fri, 31 Jul 2026 02:22:02 GMT",오픈AI 허깅페이스 해킹 이어 앤트로픽 클로드도 실제 기업 침투 바이라인네트워크,"앤트로픽이 자사 AI 모델 클로드가 사이버보안 평가 과정에서 실제 기업의 시스템에 무단 접근한 사고 3건을 발견했다고 30일(현지시각) 공식 블로그를 통해 밝혔다. 이번 조사는 지난 7월 21일 오픈AI가 공개한 유사 사건이 계기가 됐다. 오픈AI는 자사 모델이 알려지지 않은 보안 취약점을 이용해 테스트 환경을 빠져나가, 오픈소스 AI 플랫폼 허깅페이스의 실제 운영 시스템에 접근했다고 발표한 바 있다. 앤트로픽은 이 소식을 접한 뒤 자체적으로 대규모 재점검에 나섰다. 클로드가 구조적으로 인터넷에 접근 가능했던 사이버보안 평가 기록 14만1006건을 추려 실제로 접근한 사례가 있는지 조사했다. 앤트로픽에 따르면, 조사 결과 이레귤러라는 파트너사가 운영하는 평가 환경에서 클로드가 실제 존재하는 기업 3곳의 시스템에 무단 접근한 정황이 확인됐다. 세 사고는 모두 ‘캡처더플래그’ 방식의 사이버 역량 평가 도중 발생했다. 이는 가상의 시나리오 속에서 다른 시스템에 숨겨진 정보(플래그)를 침투해 찾아내도록 하는 평가 방식이다. 앤트로픽은 평가 프롬프트에 “해당 환경은 시뮬레이션이며 인터넷에 접근할 수 없다”고 명시했지만, 파트너사와의 설정 오해로 실제로는 인터넷 접근이 가능한 상태였다고 밝혔다. 이 때문에 클로드는 검색 과정에서 만난 실제 시스템들을 평가 시나리오의 일부로 오인해 침투를 시도했다. 첫 번째 사고에서는 가상으로 설정된 타깃 기업명이 실제 운영 중인 웹사이트 도메인과 우연히 일치하면서, 오푸스4.7이 진짜 기업의 인프라에 침투해 애플리케이션·인프라 자격증명을 탈취하고 수백 건의 프로덕션 데이터가 담긴 데이터베이스에 접근했다. 앤트로픽이 확인한 사고 중 피해 규모가 가장 컸다. 특히 이 모델은 자신이 실제 환경에서 작동 중이라는 사실을 인지하고도 공격을 멈추지 않은 유일한 사례로 기록됐다. 두 번째 사고는 더 이례적이다. 보안 평가 설계자는 가상의 해킹 시나리오를 위해 신입 개발자용 개발환경 설정 안내서를 미리 만들어뒀는데, 이 안내서에는 실제로는 존재하지 않는 파이썬 패키지를 설치하라는 지시가 적혀 있었다. 미토스는 이 문서를 발견하자, 같은 이름의 악성 패키지를 직접 만들어 공개 패키지 저장소 파이피아이(PyPI)에 업로드했다. 이 과정에서 클로드는 이메일 계정과 전화번호를 확보하기 위해 여러 방법을 시도하는 등 상당히 정교한 절차를 밟은 것으로 나타났다. 해당 악성 패키지는 약 1시간가량 공개된 상태로 노출되며 실제 시스템 15곳에서 다운로드·실행됐고, 이 중 한 보안업체의 자동 악성코드 스캐너가 감염되면서 해당 업체의 자격증명이 탈취되는 결과로 이어졌다. 앤트로픽은 이 패키지가 파이피아이 자체 보안 시스템에 의해 자동 삭제됐으며, 파이피아이 측에 관련 정보를 통보했다고 밝혔다. 세 번째 사고는 공개되지 않은 내부 연구용 최신 모델이 일으켰다. 이 모델은 원래 타깃에 접근하지 못하자 대안을 찾아 약 9000개 시스템을 스캔, 노출된 디버그 페이지의 자격증명과 SQL 인젝션 등 기초적인 기법으로 한 기업의 인터넷 노출 애플리케이션에 침투했다. 다만 이 모델은 침투 대상이 캡처더플래그 시나리오와 무관한 클라우드 계정에 있다는 사실을 스스로 인지하고 공격을 중단했다. 앤트로픽은 세 모델이 실제 시스템이라는 신호에 직면했을 때 서로 다르게 반응했다는 점에 주목했다. 오푸스 4.7은 실제 환경임을 인지하고도 공격을 지속했고, 미토스 5는 실제 인터넷에 접속했다는 사실을 스스로 추론해 놓고도 여전히 시뮬레이션일 것이라고 스스로 합리화했다. 반면 미공개 최신 모델만이 실제 환경임을 확인하자 스스로 작업을 중단했다. 앤트로픽은 “더 발전된 모델일수록 더 적절하게 대응한다는 패턴과 일치하지만, 이를 확신하려면 추가 검증이 필요하다”고 밝혔다. 앤트로픽은 이번 사고를 오픈AI 사건과 비교하며 성격이 다르다고 선을 그었다. 오픈AI 모델은 제로데이 취약점을 악용해 격리 환경 자체를 뚫고 나온 반면, 클로드는 처음부터 열려 있던 인터넷 경로를 통해 접근했다. 앤트로픽은 클로드에게 “이 환경은 시뮬레이션이며 인터넷 접근이 불가능하다”고 사전에 알렸지만, 실제로는 설정 오류로 인터넷이 열려 있었고, 클로드는 이 지시를 그대로 믿고 행동했을 뿐이라는 것이다. 앤트로픽은 이를 모델의 정렬(인간의 의도대로 AI가 활동하는 것) 실패보다는 평가 인프라·운영상의 실패에 가깝다”고 평가했다. 또한 이번 사고는 자체적인 사전 검토 과정에서 선제적으로 발견한 것이며, 피해를 입은 조직들은 침해 사실을 사전에 인지하지 못한 상태였다고 밝혔다. 앤트로픽은 후속 조치로 ▲평가 환경에 대해서도 프로덕션 수준의 보안 통제 적용 ▲평가 트랜스크립트에 대한 상시 모니터링 강화 ▲서드파티 파트너사에 대한 보안 감사 강화 등을 약속했다. 아울러 독립 AI 평가기관 메트르와 협력해 제3자 검토를 진행하고, 파이피아이 악성 패키지 관련 트랜스크립트 일부를 조만간 공개하겠다고 밝혔다. 글. 바이라인네트워크 <심재석 기자>shimsky@byline.network 앤트로픽이 자사 AI 모델 클로드가 사이버보안 평가 과정에서 실제 기업의 시스템에 무단 접근한 사고 3건을 발견했다고 30일(현지시각) 공식 블로그를 통해 밝혔다. 이번 조사는 지난 7월 21일 오픈AI가 공개한 유사 사건이 계기가 됐다. 오픈AI는 자사 모델이 알려지지 않은 보안 취약점을 이용해 테스트 환경을 빠져나가, 오픈소스 AI 플랫폼 허깅페이스의 실제 운영 시스템에 접근했다고 발표한 바 있다. 앤트로픽은 이 소식을 접한 뒤 자체적으로 대규모 재점검에 나섰다. 클로드가 구조적으로 인터넷에 접근 가능했던 사이버보안 평가 기록 14만1006건을 추려 실제로 접근한 사례가 있는지 조사했다. 앤트로픽에 따르면, 조사 결과 이레귤러라는 파트너사가 운영하는 평가 환경에서 클로드가 실제 존재하는 기업 3곳의 시스템에 무단 접근한 정황이 확인됐다. 세 사고는 모두 ‘캡처더플래그’ 방식의 사이버 역량 평가 도중 발생했다. 이는 가상의 시나리오 속에서 다른 시스템에 숨겨진 정보(플래그)를 침투해 찾아내도록 하는 평가 방식이다. 앤트로픽은 평가 프롬프트에 “해당 환경은 시뮬레이션이며 인터넷에 접근할 수 없다”고 명시했지만, 파트너사와의 설정 오해로 실제로는 인터넷 접근이 가능한 상태였다고 밝혔다. 이 때문에 클로드는 검색 과정에서 만난 실제 시스템들을 평가 시나리오의 일부로 오인해 침투를 시도했다. 첫 번째 사고에서는 가상으로 설정된 타깃 기업명이 실제 운영 중인 웹사이트 도메인과 우연히 일치하면서, 오푸스4.7이 진짜 기업의 인프라에 침투해 애플리케이션·인프라 자격증명을 탈취하고 수백 건의 프로덕션 데이터가 담긴 데이터베이스에 접근했다. 앤트로픽이 확인한 사고 중 피해 규모가 가장 컸다. 특히 이 모델은 자신이 실제 환경에서 작동 중이라는 사실을 인지하고도 공격을 멈추지 않은 유일한 사례로 기록됐다. 두 번째 사고는 더 이례적이다. 보안 평가 설계자는 가상의 해킹 시나리오를 위해 신입 개발자용 개발환경 설정 안내서를 미리 만들어뒀는데, 이 안내서에는 실제로는 존재하지 않는 파이썬 패키지를 설치하라는 지시가 적혀 있었다. 미토스는 이 문서를 발견하자, 같은 이름의 악성 패키지를 직접 만들어 공개 패키지 저장소 파이피아이(PyPI)에 업로드했다. 이 과정에서 클로드는 이메일 계정과 전화번호를 확보하기 위해 여러 방법을 시도하는 등 상당히 정교한 절차를 밟은 것으로 나타났다. 해당 악성 패키지는 약 1시간가량 공개된 상태로 노출되며 실제 시스템 15곳에서 다운로드·실행됐고, 이 중 한 보안업체의 자동 악성코드 스캐너가 감염되면서 해당 업체의 자격증명이 탈취되는 결과로 이어졌다. 앤트로픽은 이 패키지가 파이피아이 자체 보안 시스템에 의해 자동 삭제됐으며, 파이피아이 측에 관련 정보를 통보했다고 밝혔다. 세 번째 사고는 공개되지 않은 내부 연구용 최신 모델이 일으켰다. 이 모델은 원래 타깃에 접근하지 못하자 대안을 찾아 약 9000개 시스템을 스캔, 노출된 디버그 페이지의 자격증명과 SQL 인젝션 등 기초적인 기법으로 한 기업의 인터넷 노출 애플리케이션에 침투했다. 다만 이 모델은 침투 대상이 캡처더플래그 시나리오와 무관한 클라우드 계정에 있다는 사실을 스스로 인지하고 공격을 중단했다. 앤트로픽은 세 모델이 실제 시스템이라는 신호에 직면했을 때 서로 다르게 반응했다는 점에 주목했다. 오푸스 4.7은 실제 환경임을 인지하고도 공격을 지속했고, 미토스 5는 실제 인터넷에 접속했다는 사실을 스스로 추론해 놓고도 여전히 시뮬레이션일 것이라고 스스로 합리화했다. 반면 미공개 최신 모델만이 실제 환경임을 확인하자 스스로 작업을 중단했다. 앤트로픽은 “더 발전된 모델일수록 더 적절하게 대응한다는 패턴과 일치하지만, 이를 확신하려면 추가 검증이 필요하다”고 밝혔다. 앤트로픽은 이번 사고를 오픈AI 사건과 비교하며 성격이 다르다고 선을 그었다. 오픈AI 모델은 제로데이 취약점을 악용해 격리 환경 자체를 뚫고 나온 반면, 클로드는 처음부터 열려 있던 인터넷 경로를 통해 접근했다. 앤트로픽은 클로드에게 “이 환경은 시뮬레이션이며 인터넷 접근이 불가능하다”고 사전에 알렸지만, 실제로는 설정 오류로 인터넷이 열려 있었고, 클로드는 이 지시를 그대로 믿고 행동했을 뿐이라는 것이다. 앤트로픽은 이를 모델의 정렬(인간의 의도대로 AI가 활동하는 것) 실패보다는 평가 인프라·운영상의 실패에 가깝다”고 평가했다. 또한 이번 사고는 자체적인 사전 검토 과정에서 선제적으로 발견한 것이며, 피해를 입은 조직들은 침해 사실을 사전에 인지하지 못한 상태였다고 밝혔다. 앤트로픽은 후속 조치로 ▲평가 환경에 대해서도 프로덕션 수준의 보안 통제 적용 ▲평가 트랜스크립트에 대한 상시 모니터링 강화 ▲서드파티 파트너사에 대한 보안 감사 강화 등을 약속했다. 아울러 독립 AI 평가기관 메트르와 협력해 제3자 검토를 진행하고, 파이피아이 악성 패키지 관련 트랜스크립트 일부를 조만간 공개하겠다고 밝혔다. 글. 바이라인네트워크 <심재석 기자>shimsky@byline.network",4903,bs4_selector,86.0,good,118.5,True,False,https://news.google.com/rss/articles/CBMiUkFVX3lxTE1mWklqalJuYnFIN0taWlJuYm9VVWtnbXhIa0laZTN1VFgwc3pwbzRBNXhqb2M0ZjZ4ZTFUZmtTTUUwOFlqLVlnOWJ6VE5lWkRqRWc?oc=5,https://byline.network/2026/07/claude-3,249.0,"ai_agent,ai_infrastructure_security,market_power_platform,phishing_security,platform_obligation,privacy_security_reliability,search_ads",security_phishing_malware,2026-07-31,json_ld:datePublished,original_date_recent,9,210.35,privacy_security:toss:data_leak:initial_investigation_response,16.0,global_incident:platform_regulation:toss:platform_content_moderation_obligation:announcement,global_incident:platform_regulation:toss:platform_content_moderation_obligation,48.0,competitor:platform_obligation,Y,,ok,http_200,body_valid,I040,global_incident:ai_security_policy:openai:anthropic_glasswing_security,comp_overseas_platform_ai,COMPETITOR_AI_STRATEGY,444.0,,,COMP_OVERSEAS_PLATFORM_AI,overseas,경쟁사_해외이슈,COMPETITOR_AI_STRATEGY,comp_overseas_platform_ai,global_incident:ai_security_policy:openai:anthropic_glasswing_security,global_incident:ai_security_policy:openai:anthropic_glasswing_security,카카오가 경쟁사 전략·리스크·AI/플랫폼 대응을 비교 참고할 이슈,4,3,4,로컬 보조 라벨 / v26.2: overseas structural industry candidate,v43_hard_min:산업동향: daily-safe portfolio rescue,issue_selected,오픈AI,경쟁사/해외이슈,경쟁사_해외이슈,경쟁사_해외이슈,경쟁사_해외이슈,경쟁사/해외이슈,16,본문추출성공,pass:competitor_guardrail_pass,pass:representative_aligned,12,앤트로픽이 자사 AI 모델 클로드가 사이버보안 평가 과정에서 실제 기업의 시스템에 무단 접근한 사고 3건을 발견했다고 30일(현지시각) 공식 블로그를 통해 밝혔다. 이번 조사는 지난 7월 21일 오픈AI가 공개한 유사 사건이 계기가 됐다.,경쟁사_해외이슈,오픈AI 허깅페이스 해킹 이어 앤트로픽 클로드도 실제 기업 침투,https://byline.network/2026/07/claude-3,바이라인네트워크,CEO_Morning_Briefing,CEO_Morning_Briefing,12,v43_hard_min:산업동향,,
경쟁사_해외이슈,경쟁사/해외이슈,구글,[#클라우드 월드] 삼성SDS '2분기 호실적'·티오더 '보양식 트렌드'·미소정보 'GS인증 1등급'·이노그리드 'AI큐브잇' 출시·파두 'AI 스토리지' 기조연설·구글 '제미나이 스파크' 출시·'학술 연구자 챗GPT' 출시·NIA '청소년 AI윤리 캠프',뉴스웍스,뉴스웍스,"Thu, 30 Jul 2026 08:28:29 GMT","Thu, 30 Jul 2026 08:28:29 GMT",[#클라우드 월드] 삼성SDS '2분기 호실적'·티오더 '보양식 트렌드'·미소정보 'GS인증 1등급'·이노그리드 'AI큐브잇' 출시·파두 'AI 스토리지' 기조연설·구글 '제미나이 스파크' 출시·'학술 연구자 챗GPT' 출시·NIA '청소년 AI윤리 캠프' 뉴스웍스,"[#클라우드 월드] 삼성SDS '2분기 호실적'·티오더 '보양식 트렌드'·미소정보 'GS인증 1등급'·이노그리드 'AI큐브잇' 출시·파두 'AI 스토리지' 기조연설·구글 '제미나이 스파크' 출시·'학술 연구자 챗GPT' 출시·NIA '청소년 AI윤리 캠프' [뉴스웍스=박광하 기자] 30일 클라우드 업계에서는 삼성SDS의 2분기 클라우드 사업 매출 17% 증가, 티오더의 실시간 주문 데이터 기반 복날 보양식 외식 트렌드 공개, 미소정보기술의 VLM 기반 3세대 AI OCR 빅스 GS인증 1등급 획득, 이노그리드의 AI·MLOps 실행 플랫폼 'AI큐브잇' 출시, 파두의 미국 FMS 2026 기조연설, 구글의 개인 AI 에이전트 '제미나이 스파크' 국내 출시, 오픈AI의 학술 연구자를 위한 챗GPT 출시, 한국지능정보사회진흥원(NIA)·KT·교보교육재단의 청소년 'AI윤리 ON' 캠프 개최 등의 소식이 전해졌다. ◆삼성SDS, 2분기 AI 클라우드 매출 급증 삼성SDS가 2분기 클라우드 사업 매출을 전년 대비 17% 늘린 7794억원을 기록했다. 2분기 전체 매출은 3조7178억원, 영업이익은 2318억원으로 잠정 집계됐다. 매출은 전년 동기 대비 5.9%, 영업이익은 0.7% 늘었다. IT서비스 사업 부문 매출은 5% 증가한 1조7625억원을 기록했다. 클라우드 사업 중 CSP 사업은 삼성 클라우드 플랫폼(SCP) 수요와 공공, 대외 업종의 GPU 서비스(GPUaaS) 확대로 24% 늘었다. MSP 사업은 금융 업종 AX 사업과 조선 업종 전사적자원관리(ERP) 사업이 늘며 17% 올랐다. AI 인프라 영역에서는 6월 과학기술정보통신부 'GPU 확보·구축·운용 지원사업'의 핵심 사업자로 선정됐다. 3월에는 엔비디아 B300 기반 GPUaaS를 처음 도입했으며, 7월에는 국산 퓨리오사AI 레니게이드 기반 NPU 서비스(NPUaaS) 상품을 출시했다. 4월에는 우리은행의 AI 에이전트 구축 사업 우선협상대상자로 선정됐고 한국수출입은행의 생성형 AI 시스템 구축 사업도 수주했다. 5월에는 삼성증권, 삼성카드와 함께 두나무 지분 4%를 확보했고 6월에는 삼성벤처투자를 통해 미국 피지컬 AI(Physical AI) 기업 월든 로보틱스에 투자를 했다. ◆티오더, 복날 보양식 주문 데이터 공개 티오더가 실시간 주문 데이터를 분석해 복날 보양식 외식 트렌드를 공개했다. 초복 당일 백숙, 삼계탕 매장의 주문 건수는 전주 같은 요일보다 3.4배 늘었다. 주문 금액은 약 3.6배로 증가 폭이 더 컸다. 이는 전복삼계탕 등 단가가 높은 프리미엄 보양식 주문이 늘어난 영향이다. 주말인 중복에도 주문량이 1.8배 늘어나며 요일과 상관없이 복날마다 수요가 몰렸다. 티오더는 자체 개발한 인공지능(AI) 데이터 분석 엔진으로 방대한 외식 데이터를 파악한다. 이를 통해 계절이나 날씨에 따른 소비 트렌드를 신속하게 포착해 매장 운영 인사이트를 도출한다. 시간대별로는 복날 보양식이 저녁 외식으로 자리 잡은 모습이다. 평소 수요일 백숙, 삼계탕 주문의 57%가 점심시간(11시~14시)에 몰렸지만 초복 당일에는 점심(42%)과 저녁(43%) 비중이 비슷했다. 점심 주문이 전주 대비 2.5배 늘어나는 동안 저녁 시간(17시~20시) 주문은 4배나 급증했다. 반면 치킨 매장 주문은 전주 대비 1.6배 수준에 그쳤다. 무더위 속에서 치맥보다는 전통 보양식을 즐기려는 수요가 뚜렷하게 나타난 것으로 분석된다. ◆미소정보기술, 'ViiX' GS인증 1등급 획득 미소정보기술의 비전 언어 모델(VLM) 기반 AI OCR 빅스가 GS인증 1등급을 획득했다. 빅스는 이미지와 문서를 동시에 이해하는 비전 언어 모델(VLM) 기술을 적용했다. 문서 레이아웃, 표, 이미지, 문맥, 키-밸류 정보를 종합 분석한다. 이를 통해 의료기록, 제조 작업지시서, 반도체 및 건설 공정, 계약서, 공공행정 문서 등 다양한 비정형 데이터를 자동으로 구조화한다. GS인증은 과학기술정보통신부가 지정한 국가 공인 소프트웨어 품질인증이다. 기능성, 신뢰성, 성능, 보안성을 국제표준에 따라 종합 평가한다. 1등급 제품은 공공기관 우선구매 대상이며 조달청 수의계약 자격을 갖췄다. 미소정보기술은 엔비디아 GPU 서버와 국산 NPU에 최적화된 AI OCR 어플라이언스도 준비하고 있다. 하드웨어와 소프트웨어를 통합해 전원과 네트워크만 연결하면 즉시 운영이 가능하다. 온프레미스 환경에서도 높은 보안성을 제공해 공공, 의료, 금융, 국방, 반도체 분야에 적합하다. 또한 AI 워크플로우 플랫폼 스마트빅MW와 AI 오케스트레이션 플랫폼 ACTIC를 연계한다. 문서 인식부터 AI 분석, 업무 자동화까지 지원하는 AI 풀스택 전략을 통해 글로벌 도큐먼트 AI 시장 공략을 본격화할 계획이다. ◆이노그리드 AI·MLOps 플랫폼 'AI큐브잇' 출시 이노그리드가 AI 라이프사이클 통합 관리 플랫폼 'AI큐브잇(AICubeit)'을 출시했다. AI큐브잇은 데이터셋 관리, 노트북 개발, 모델 학습, 실험 결과 비교를 하나의 포털에서 수행한다. 모델 등록, 서비스 배포, 워크플로우 자동화, 운영 모니터링 기능도 함께 제공한다. 사용자는 프로젝트나 팀 단위로 워크스페이스를 만들어 권한, 실행 자원, 데이터, 모델, 학습, 배포 이력을 분리해 관리한다. 워크스페이스 생성 시 쿠버네티스 네임스페이스와 권한, 개발 환경, 실험 관리 공간, 시크릿 저장 경로를 자동으로 구성한다. 학습 결과는 실행 단위로 기록되며 파라미터와 성능 지표를 비교해 배포용 후보 모델을 선별한다. 검증된 모델은 모델 레지스트리에 등록한 뒤 서비스 API 형태로 배포하며, 학습과 배포 등 반복 작업은 워크플로우로 연결해 자동화한다. 시크릿 관리 기능으로 비밀번호, 토큰, 접근 키 등 민감정보를 별도로 관리하며 역할 기반 권한 제어로 사용자별 접근 범위를 설정한다. 프로메테우스 기반 모니터링 체계로 워크스페이스와 노트북, 학습, 배포, 워크플로우의 실행 상태와 CPU, 메모리 등 자원 사용 현황을 한 화면에서 확인한다. ◆파두, 美 FMS서 'AI 스토리지' 기조연설 파두가 미국 FMS 2026에서 AI 스토리지 미래를 주제로 기조연설을 진행한다. 연설은 8월 4~6일 미국 산타클라라에서 열리는 FMS(Future of Memory and Storage) 2026에서 진행된다. 남이현 대표와 이지효 사장이 주관하며 샌디스크 로스 스텐포트 수석 엔지니어가 참여한다. 경영진은 AI 인프라 수요에 대응하는 스토리지 시스템 기술 개발 비전과 차세대 Gen6 SSD 개발 성과를 공유한다. 처리량, 레이턴시, 전력 효율을 동시에 잡는 설계가 하이퍼스케일 환경에서 주는 이점도 다룬다. 스텐포트는 고용량 낸드플래시와 저장장치 상태 실시간 관측 기술이 이끄는 플래시 시장 혁신을 짚어본다. 20주년을 맞은 FMS 2026에는 약 3500명 이상의 참석자, 1500개 이상의 단체, 100여 개 이상의 기업이 참여한다. 파두는 이그제큐티브 프리미어 등급으로 참여해 대형 부스를 운영한다. 부스에서는 차세대 Gen6 컨트롤러, Gen5 컨트롤러, AI 스토리지 적용 서버, 전력 솔루션, 액체 냉각 시스템 등을 선보인다. 행사에서 실물 Gen6 SSD를 처음 선보이며 Gen6 성능과 AI 스토리지 데모도 진행한다. 현지 고객 및 협력사와의 미팅으로 기존 파트너십을 강화하고 신규 고객도 발굴할 계획이다. ◆구글, AI 에이전트 '제미나이 스파크' 출시 구글이 상시 작동하는 개인 AI 에이전트 제미나이 스파크(Gemini Spark)를 출시했다. 제미나이 스파크는 이용자 지시에 따라 백그라운드에서 구동된다. 단순한 질문 답변을 넘어 이용자를 대신해 실제 업무를 수행하는 능동적인 파트너 역할을 한다. 24시간 상시 작동하는 것이 특징이다. 서비스 대상은 구글 AI 프로(구글 AI Pro) 이상 플랜 이용자다. 기능은 오늘부터 몇 주에 걸쳐 순차적으로 확대 제공될 예정이다. 사용자는 이 서비스를 통해 작업과 워크플로우 관리를 지원받을 수 있다. 구글의 안전한 클라우드 인프라를 기반으로 구동된다. 별도 설정 없이 구글 워크스페이스(구글 Workspace)와 연동되는 점이 강점이다. 지메일, 구글 닥스(Docs), 구글 스프레드시트(Sheets) 등 매일 사용하는 도구들과 매끄럽게 연결된다. 상세한 기능 정보는 구글 제미나이 고객센터에서 확인할 수 있다. 관련 활용 영상은 한국어와 영어 버전으로 각각 제공돼 사용자의 이해를 돕는다. ◆오픈AI, '학술 연구자 챗GPT' 출시 오픈AI(OpenAI)가 학술 연구자에게 AI 모델과 연구 도구를 무료 제공하는 프로그램을 출시했다. 오픈AI는 과학, 수학, 공학 분야 연구자를 대상으로 한 '학술 연구자를 위한 챗GPT(ChatGPT for Academic Researchers)' 신청 접수를 시작했다. AI 혜택이 특정 기업이나 자원이 풍부한 연구소에만 쏠리지 않도록 설계했다. 연구자가 직접 주제를 선정하고 도구를 활용해 스스로 질문을 탐구하는 방식이다. 아시아태평양 지역은 대학과 기관 70곳이 포함되며, 이 중 한국 기관은 17곳으로 국가별로 가장 많다. 올여름 연구자 1만명을 시작으로 2027년까지 지원 규모를 10만 명까지 늘릴 계획이다. 참가자는 1년간 챗GPT, 챗GPT 워크, 코덱스에서 GPT-5.6 모델군 등 주요 모델을 무료로 이용한다. 출시 시점에는 고난도 과학, 수학 문제 해결용 GPT-5.6 Sol Pro도 제공된다. 확대된 딥 리서치 권한과 높은 사용 한도, 넓은 컨텍스트 창도 제공한다. 연구자는 유전학, 유전체학, 시퀀싱, 단일세포 분석, 단백질 모델링, 신약 개발 등 75개 이상의 생명과학 연구 스킬을 활용한다. 과학 문헌, 공개 유전체, 임상 데이터베이스, 위성 이미지, 컴퓨팅 노트북 등에 연결하는 커넥터도 제공한다. ◆NIA-KT-교보교육재단, 청소년 'AI윤리 ON' 캠프 청소년들이 생성형 AI 시대에 필요한 책임 있는 활용 역량을 기르는 체험 교육이 열렸다. 한국지능정보사회진흥원(NIA)은 KT, 교보교육재단과 함께 숙명여자대학교에서 'AI윤리 ON' 청소년 캠프를 개최했다. 30일 진행된 행사는 전국에서 선발된 중학생 79명이 참여했다. 모집 단계에서는 216명이 신청해 3대 1의 경쟁률을 기록하며 높은 관심을 받았다. 오전에는 KT그룹희망나눔재단 KT 대학생 IT서포터즈(KIT)와 함께 AI·디지털윤리 기초 교육을 진행했다. 학생들은 생성형 AI 원리와 책임 있는 활용법을 배우고 보드게임으로 윤리 이슈를 체험했다. AI윤리 미니 골든벨 퀴즈를 통해 조별로 문제를 풀며 협력하는 시간을 마련했다. 학생들은 학습 내용을 되짚으며 핵심 개념을 익혔다. 오후에는 교보교육재단이 진행한 AI 가치판단 토론이 이어졌다. 참가자들은 AI가 사회에 미치는 영향과 윤리적 쟁점을 주제로 다뤘다. 여러 이해관계자의 관점에서 책임 있는 AI 활용 방안을 함께 모색했다. NIA는 민관 협력을 통해 AI윤리 교육과 체험 프로그램을 지속적으로 확대할 계획이다.",5365,trafilatura,88.0,good,224.5,True,False,https://news.google.com/rss/articles/CBMic0FVX3lxTE5lQzQzMFBiNFRoQWZZNWhxWFNtRDI1VGxId1F0cGNNWDhZX1JnY01tYUk5eVNlM19TUFlhbk9RWENwT3lSOE5ib0QwNkVsWVhBQ0JvcUFuOW1vcFZoQTlFZm0xbC1xLWM5WkFfQ2EwQkJHNlnSAXNBVV95cUxOZUM0MzBQYjRUaEFmWTVocVhTbUQyNVRsSHdRdHBjTVg4WV9SZ2NNbWFJOXlTZTNfU1BZYW5PUVhDcE95UjhOYm9EMDZFbFlYQUNCb3FBbjltb3BWaEE5RWZtMWwtcS1jOVpBX0NhMEJCRzZZ?oc=5,https://www.newsworks.co.kr/news/articleViewAmp.html?idxno=848919,210.5,"ai_agent,ai_infrastructure_security,aidc_datacenter,deepfake_youth,digital_asset_stablecoin,dunamu_stake,earnings,financial_performance,market_power_platform,platform_obligation,strategy_mna_governance",dunamu_stake_sale,2026-07-30,json_ld:datePublished,original_date_recent,2,288.35,,7.0,global_incident:platform_regulation:google:platform_content_moderation_obligation:announcement,global_incident:platform_regulation:google:platform_content_moderation_obligation,32.0,government:platform_obligation,Y,,ok,http_200,body_valid,I056,comp_overseas_regulation_data:클라우드 월드 삼성sds 2분기 호실적 티오더 보양식 트렌드 미소정보 gs인증 1등급 이노그리드 ai큐브잇,comp_overseas_regulation_data,COMPETITOR_PLATFORM_RISK,383.5,,,COMP_OVERSEAS_REGULATION_DATA,overseas,경쟁사_해외이슈,COMPETITOR_PLATFORM_RISK,comp_overseas_regulation_data,comp_overseas_regulation_data:클라우드 월드 삼성sds 2분기 호실적 티오더 보양식 트렌드 미소정보 gs인증 1등급 이노그리드 ai큐브잇,comp_overseas_regulation_data:클라우드 월드 삼성sds 2분기 호실적 티오더 보양식 트렌드 미소정보 gs인증 1등급 이노그리드 ai큐브잇,카카오가 경쟁사 전략·리스크·AI/플랫폼 대응을 비교 참고할 이슈,4,3,4,로컬 보조 라벨 / v26.2: overseas structural industry candidate,v43_hard_min:산업동향: daily-safe portfolio rescue,issue_selected,구글,경쟁사/해외이슈,경쟁사_해외이슈,경쟁사_해외이슈,경쟁사_해외이슈,경쟁사/해외이슈,19,본문추출성공,pass:competitor_guardrail_pass,pass:representative_aligned,13,"[#클라우드 월드] 삼성SDS '2분기 호실적'·티오더 '보양식 트렌드'·미소정보 'GS인증 1등급'·이노그리드 'AI큐브잇' 출시·파두 'AI 스토리지' 기조연설·구글 '제미나이 스파크' 출시·'학술 연구자 챗GPT' 출시·NIA '청소년 AI윤리 캠프' [뉴스웍스=박광하 기자] 30일 클라우드 업계에서는 삼성SDS의 2분기 클라우드 사업 매출 17% 증가, 티오더의 실시간 주문 데이터 기반 복날 보양식 외식 트렌드 공개, 미소정보기술의 VLM 기반 3세대 AI OCR 빅스 GS인증 1등급 획득, 이노그리드의 AI·MLOps 실행 플랫폼 'AI큐브잇' 출시, 파두의 미국 FMS 2026 기조연설, 구글의 개인 AI 에이전트 '제미나이 스파크' 국내 출시, 오픈AI의 학술 연구자를 위한 챗GPT 출시, 한국지능정보사회진흥원(NIA)·KT·교보교육재단의 청소년 'AI윤리 ON' 캠프 개최 등의 소식이 전해졌다.",경쟁사_해외이슈,[#클라우드 월드] 삼성SDS '2분기 호실적'·티오더 '보양식 트렌드'·미소정보 'GS인증 1등급'·이노그리드 'AI큐브잇' 출시·파두 'AI 스토리지' 기조연설·구글 '제미나이 스파크' 출시·'학술 연구자 챗GPT' 출시·NIA '청소년 AI윤리 캠프',https://www.newsworks.co.kr/news/articleViewAmp.html?idxno=848919,뉴스웍스,CEO_Morning_Briefing,CEO_Morning_Briefing,13,v43_hard_min:산업동향,,
