카테고리,카테고리명,검색어,기사제목,언론사,정규언론사,게시일,RSS게시일,RSS요약,본문전문,본문글자수,본문추출방식,본문품질점수,본문품질사유,중요도점수,본문사용가능,본문상태,원래RSS링크,링크,랭킹점수,사건태그,사건단계,원문날짜,원문날짜출처,날짜검증결과,날짜후보수,대표선택점수,v20_issue_id,v20_issue_group,v20_issue_family,v20_internal_category,v20_bodyless_reason,Gemini카테고리,Gemini내부카테고리,Gemini이슈유형,Gemini이슈그룹,Gemini중복그룹,Gemini관련성,Gemini중요도,Gemini대외협력중요도,Gemini관련도,Gemini판단사유,Gemini선정사유,선정단계,링크상태,링크검증사유,최종카테고리,최종카테고리명,최종카테고리검증결과,선정순서,v39_title_link_only_reason,브리핑ID,최종브리핑요약,최종브리핑섹션,최종브리핑제목,최종브리핑링크,최종브리핑언론사,최종브리핑기준,v44_final_source,v44_final_rank,수집검색어,수집원카테고리,수집JSON카테고리,Gemini판단카테고리,v24대표기사정합성,본문정제적용,개인정보보안사건키,개인정보보안대표보너스,전역사건키,전역사건기본키,전역사건대표보너스,이슈패밀리,정책규제의무,자사홍보성,본문정합성,v20_issue_score,v21_self_tier,v21_gov_tier,v21_competitor_tier,v21_competitor_scope,v42_rescue_source,v25한국정부국회근거,최종카테고리재배치
자사_및_계열사_이슈,자사 및 계열사 이슈,카카오,[IT라운지] 마리트 '크리에이트립 인수'·카카오툴즈 '파트너 추가'·카카오맵 '옥토버페스트 지도'·이스트-K몬스터 'MOU'·알바천국 '채용지원',뉴스웍스,뉴스웍스,"Fri, 11 Sep 2026 00:26:34 GMT","Fri, 11 Sep 2026 00:26:34 GMT",[IT라운지] 마리트 '크리에이트립 인수'·카카오툴즈 '파트너 추가'·카카오맵 '옥토버페스트 지도'·이스트-K몬스터 'MOU'·알바천국 '채용지원' 뉴스웍스,,0,critical_without_body,0.0,v39_title_link_only:selected_self_material_issue,77.5,False,본문추출실패_대체없음_제목링크만,https://news.google.com/rss/articles/CBMib0FVX3lxTFBITGR6MWdPMURFYzd1WnlHN2hNNzk3NzQzLURMTThSY3Q5NHBRWVprdHRlNFVtdENUVG0tY3NCeHNtQ3BmdUFEX1FiRXQ3cGdFaHZLZE5pOGJzYWUxUjExWGp1by1yZnVMY2V2SVNNa9IBc0FVX3lxTE1OOTRVLTlpSFJTX3FNUmlOTHo1RlBFOUp5RmpuaWZHVk92UnBtX3FYRzFrMVAtWThlc0w4X2l1STE5dGU2RjdOdHdKMmdYdlFtSmJjQ0MzQmt6YWI1OG1lRkVDcFVjbjR3cGQtT1NQcnFyLUU?oc=5,https://www.newsworks.co.kr/news/articleView.html?idxno=853391,102.0,strategy_mna_governance,strategy_mna_governance,,not_checked_bodyless,not_checked_bodyless,0,-5.0,I055,global_incident:mna_capital:kakao:mna_capital,self_governance_mna,SELF_DIRECT_RISK,v39_title_link_only:selected_self_material_issue,자사_및_계열사_이슈,SELF_DIRECT_RISK,self_governance_mna,global_incident:mna_capital:kakao:mna_capital,global_incident:mna_capital:kakao:mna_capital,카카오 또는 계열사에 직접 발생한 외부 대응 필요 이슈,5,5,5,로컬 보조 라벨,로컬 보조 라벨 / 로컬 보조 라벨 / v26: 오늘 새 직접 사건·진전,v39_title_link_only,ok,http_200,자사_및_계열사_이슈,자사 및 계열사 이슈,v39_bodyless_pass:self_guardrail_pass,5,selected_self_material_issue,1,,자사_및_계열사_이슈,[IT라운지] 마리트 '크리에이트립 인수'·카카오툴즈 '파트너 추가'·카카오맵 '옥토버페스트 지도'·이스트-K몬스터 'MOU'·알바천국 '채용지원',https://www.newsworks.co.kr/news/articleView.html?idxno=853391,뉴스웍스,CEO_Morning_Briefing,CEO_Morning_Briefing,1,,,,,,,,,,,,,,,,,,,,,,,
자사_및_계열사_이슈,자사 및 계열사 이슈,카카오,"카카오 노조, 소액주주와 손잡나…""소규모합병 반대 동참을""",연합뉴스,연합뉴스,"Fri, 11 Sep 2026 02:24:24 GMT","Fri, 11 Sep 2026 02:24:24 GMT","카카오 노조, 소액주주와 손잡나…""소규모합병 반대 동참을"" 연합뉴스",,0,critical_without_body,0.0,critical_issue_no_body_available,120.5,False,본문추출실패_대체없음_제목링크만,https://news.google.com/rss/articles/CBMiW0FVX3lxTE8yMDd2OE5LN0F4RDRJOWp1bmh0WGhqcDJkWDdZOGs3ZmhILWtFZmU4N3JETDJNMlBOcWtEc2l3bktUT0x3Zm9oT2dxY2VPakJxX2V3UmxhQnFwSHfSAWBBVV95cUxNWXFPal84ZlByYkxMUUdSd2plXzVGY2pJWXhSMWdDQ0tPZE5UTDFrTXlBMjk3ZW15R1pJWU01VVJiSjE5RXM1dWVPb0dqMVk2OGJaNGFDV2J5X25jYlJyV2c?oc=5,https://www.yna.co.kr/view/AKR20260911073300017,115.0,"labor_dispute,labor_negotiation,strategy_mna_governance",labor_general,,not_checked_bodyless,not_checked_bodyless,0,-5.0,I060,카카오 노조 임단협/파업 및 내부 갈등,self_labor,SELF_DIRECT_RISK,critical_issue_no_body_available,자사_및_계열사_이슈,SELF_DIRECT_RISK,self_labor,카카오 노조 임단협/파업 및 내부 갈등,카카오 노조 임단협/파업 및 내부 갈등,카카오 또는 계열사에 직접 발생한 외부 대응 필요 이슈,5,5,5,로컬 보조 라벨,로컬 보조 라벨 / 로컬 보조 라벨 / v26: 오늘 새 직접 사건·진전,critical_without_body,ok,http_200,자사_및_계열사_이슈,자사 및 계열사 이슈,bodyless_pass:self_guardrail_pass,6,,2,,자사_및_계열사_이슈,"카카오 노조, 소액주주와 손잡나…""소규모합병 반대 동참을""",https://www.yna.co.kr/view/AKR20260911073300017,연합뉴스,CEO_Morning_Briefing,CEO_Morning_Briefing,2,카카오,자사 및 계열사 이슈,자사_및_계열사_이슈,자사_및_계열사_이슈,pass:representative_aligned,,,,,,,,,,,,,,,,,,
자사_및_계열사_이슈,자사 및 계열사 이슈,카카오,300억 마이너스통장 뚫은 카카오페이증권…영업확대에 유동성 '안전판' |,연합인포맥스,연합인포맥스,"Sun, 13 Sep 2026 23:12:25 GMT","Sun, 13 Sep 2026 23:12:25 GMT",300억 마이너스통장 뚫은 카카오페이증권…영업확대에 유동성 '안전판' | 연합인포맥스,"300억 마이너스통장 뚫은 카카오페이증권…영업확대에 유동성 '안전판' 최근 한도 대출 약정 체결, 선제적 현금 흐름 관리 일환 (서울=연합인포맥스) 양용비 기자 = 카카오페이증권이 300억원 규모의 금융기관 한도대출 약정을 새로 체결했다. 영업활동 증가 등에 따른 유동성 수요에 대응하기 위한 사전 안전판을 마련한 것으로 풀이된다. 14일 금융투자업계에 따르면 카카오페이증권은 최근 이사회를 열고 300억 원의 금융기관 한도대출 약정 체결을 결정했다. 이번 약정으로 카카오페이증권의 단기차입금 한도는 기존 1천600억 원에서 1천900억 원으로 늘었다. 기존 1천600억 원은 전자단기사채 발행 한도 설정액이다. 다만 이 300억원이 실제 차입은 아니다. 카카오페이증권은 해당 금액이 실제 차입액이 아닌 한도대출 약정의 한도 설정 금액이라고 설명했다. 필요할 때 자금을 꺼내 쓸 수 있는 일종의 '마이너스 통장'을 마련한 셈이다. 실제 자금이 필요하지 않은 상황에서는 차입금이 발생하지 않지만, 시장 상황이나 영업 규모에 따라 단기간에 유동성이 필요해질 경우 최대 300억 원까지 금융기관에서 조달할 수 있다. 이번 차입은 유동성 대응 강화를 위한 목적으로 진행했다. 영업활동 증가와 대외 환경 변화 등에 따라 유동성 대응 수단을 사전에 확보하기 위한 차원으로 풀이된다. 증권사의 경우 주식 거래가 늘어나면 고객의 거래와 결제 과정에서 필요한 자금 규모도 함께 커질 수 있다. 특히 시장 변동성이 확대하거나 거래가 단기간에 집중될 경우 결제자금이나 증거금 등 유동성 수요가 일시적으로 증가할 가능성이 있다. 카카오페이증권이 기존 전자단기사채 발행 한도에 더해 금융기관 한도대출을 확보한 것도 이 같은 상황에 대비한 것으로 보인다. 시장성 조달 수단과 별도로 필요할 때 즉시 사용할 수 있는 금융기관 차입 라인을 추가해 유동성 대응력을 높인 것이다. 카카오페이증권의 자기자본은 올해 6월 말 별도재무제표 기준 2천640억 원이다. 카카오페이증권의 이번 약정과 관련해 최근 1년간 단기차입금 증가 누계액은 0원이다. 이에 따라 이번 조치를 재무적 어려움에 따른 긴급 차입보다, 향후 영업 확대와 시장 환경 변화에 대비한 선제적인 유동성 관리로 보는 이유도 이 때문이다. 카카오페이증권 관계자는 ""실제 차입이 아닌 금융기관과의 한도대 대출 약정 체결로 현재 실제 사용 계획은 없다""며 ""주식 거래 규모가 확대하면서 유동성 대응 수단을 선제적으로 다변화하는 통상적인 재무 운용의 일환""이라고 설명했다. ybyang@yna.co.kr <",1247,trafilatura,70.0,good,13.0,True,본문추출성공,https://news.google.com/rss/articles/CBMidEFVX3lxTE5OOHN3Y2FnOXpFSUhkaVg3T1JVekZlS1dBMWsyNFhkR3E5aFlyb3lMWGQwaUJTMkNYQ3RjZDc2dnc1R2h5LWFnaXdCT2J6cnNfWlhMYm9EcnZIV2EyLUdFQ3lJWU5NdnZhMHpxVlBMdWNaTjh5?oc=5,https://news.einfomax.co.kr/news/articleViewAmp.html?idxno=4434622,57.8,,,2026-09-14,json_ld:datePublished,original_date_recent,2,114.1,I127,self_strategic_reference:300억 마이너스통장 뚫은 카카오페이증권 영업확대에 유동성 안전판,self_strategic_reference,SELF_AFFILIATE_BUSINESS,,자사_및_계열사_이슈,SELF_AFFILIATE_BUSINESS,self_strategic_reference,self_strategic_reference:300억 마이너스통장 뚫은 카카오페이증권 영업확대에 유동성 안전판,self_strategic_reference:300억 마이너스통장 뚫은 카카오페이증권 영업확대에 유동성 안전판,"카카오·계열사의 사업 확장, 제휴, MOU, 신규 서비스 참고 이슈",4,3,4,v40: 직접 리스크는 아니지만 자사 사업 확장·제휴성 이슈로 2순위 반영,v43_hard_min:산업동향: daily-safe portfolio rescue,issue_selected,ok,http_200,자사_및_계열사_이슈,자사 및 계열사 이슈,pass:self_guardrail_pass,17,,3,"300억 마이너스통장 뚫은 카카오페이증권…영업확대에 유동성 '안전판' 최근 한도 대출 약정 체결, 선제적 현금 흐름 관리 일환 (서울=연합인포맥스) 양용비 기자 = 카카오페이증권이 300억원 규모의 금융기관 한도대출 약정을 새로 체결했다. 14일 금융투자업계에 따르면 카카오페이증권은 최근 이사회를 열고 300억 원의 금융기관 한도대출 약정 체결을 결정했다.",자사_및_계열사_이슈,300억 마이너스통장 뚫은 카카오페이증권…영업확대에 유동성 '안전판' |,https://news.einfomax.co.kr/news/articleViewAmp.html?idxno=4434622,연합인포맥스,CEO_Morning_Briefing,CEO_Morning_Briefing,3,카카오,자사 및 계열사 이슈,자사_및_계열사_이슈,자사_및_계열사_이슈,pass:representative_aligned,False,,0.0,global_incident:leadership_service:kakao:executive_change:executive_or_org_change,global_incident:leadership_service:kakao:executive_change,18.0,,,,body_valid,281.2,STRATEGIC_REFERENCE,,,other,v43_hard_min:산업동향,,
정부_국회,정부/국회,네이버,"정부, 개인정보 대규모·반복 유출 시 매출액 최대 10% 과징금 부과",내외뉴스통신,내외뉴스통신,"Fri, 11 Sep 2026 02:10:27 GMT","Fri, 11 Sep 2026 02:10:27 GMT","정부, 개인정보 대규모·반복 유출 시 매출액 최대 10% 과징금 부과 내외뉴스통신",,0,critical_without_body,0.0,v39_title_link_only:selected_government_policy_issue,114.0,False,본문추출실패_대체없음_제목링크만,https://news.google.com/rss/articles/CBMicEFVX3lxTE0zWGp2d3NzYnJTTTFFY3A0VkxQT2M5VkpzTS1uUWlvUm1XNlliTlZtMTRkYkZENHQ1SXEwNHdXaWFFQjZheDJreTFaOTdMb3NhUzROQUNFQVZHZkxSWUkwMFoxdng3ckRDbzNLZ1NzdXXSAXBBVV95cUxNM1hqdndzc2JyU00xRWNwNFZMUE9jOVZKc00tblFpb1JtVzZZYk5WbTE0ZGJGRDR0NUlxMDR3V2lhRUI2YXgya3kxWjk3TG9zYVM0TkFDRUFWR2ZMUllJMDBaMXZ4N3JEQ28zS2dTc3V1?oc=5,http://www.nbnnews.co.kr/news/articleViewAmp.html?idxno=1055394,176.0,"antitrust_platform,earnings,financial_performance,legal_regulatory_enforcement",antitrust_general,,not_checked_bodyless,not_checked_bodyless,0,-5.0,I050,global_incident:platform_regulation:platform_sector:platform_data_protection_obligation,government_platform_regulation,COMPETITOR_PLATFORM_RISK,v39_title_link_only:selected_government_policy_issue,정부_국회,GOV_PLATFORM_REGULATION,government_platform_regulation,global_incident:platform_regulation:platform_sector:platform_data_protection_obligation,global_incident:platform_regulation:platform_sector:platform_data_protection_obligation,카카오 또는 주요 플랫폼 사업자에게 직접 의무·차단·보고·준수 부담이 생김,5,5,5,로컬 보조 라벨,로컬 보조 라벨 / v26.2: no central Korean public actor/action for Government section: foreign_public_policy / v26.2: overseas structural industry candidate / 로컬 보조 라벨 / v26.2: overseas structural industry candidate / v26: 정부/국회 행위가 아닌 기업 실적·산업 분석 기사,v39_title_link_only,ok,http_200,정부_국회,정부/국회,v39_bodyless_pass:v26_2_public_actor_action_pass:public_actor_official_action,4,selected_government_policy_issue,4,,정부_국회,"정부, 개인정보 대규모·반복 유출 시 매출액 최대 10% 과징금 부과",http://www.nbnnews.co.kr/news/articleViewAmp.html?idxno=1055394,내외뉴스통신,CEO_Morning_Briefing,CEO_Morning_Briefing,4,,,,,,,,,,,,,,,,,,,,,,,
정부_국회,정부/국회,공정거래위원회,"쿠팡 vs 공정위 '현장조사 집행정지' 갈림길…유통 규제 지형, 법원 판단에",파이낸셜포스트,파이낸셜포스트,"Mon, 14 Sep 2026 02:19:38 GMT","Mon, 14 Sep 2026 02:19:38 GMT","쿠팡 vs 공정위 '현장조사 집행정지' 갈림길…유통 규제 지형, 법원 판단에 파이낸셜포스트",,0,critical_without_body,0.0,v39_title_link_only:v29_title_only_allowed,55.5,False,본문추출실패_대체없음_제목링크만,https://news.google.com/rss/articles/CBMidEFVX3lxTE1Td1RCVlkyOTZwRE82bGVDLVNVeDNWZllTbE5VN2k3emxfUlNDOTVJNENFeXVVOXozdDVFNUJ5Qk5ZWEF5TVU0M29mYXdRZU5aX1hvanpsT0NUN1dnbnZYT0VuTjR5c0dvQmV4TTNNcVJhTVR5?oc=5,https://www.financialpost.co.kr/news/articleView.html?idxno=275419,320.6,"antitrust_platform,policy_legislation",antitrust_general,,not_checked_bodyless,not_checked_bodyless,0,-5.0,I044,global_incident:platform_regulation:coupang:coupang_designation_disclosure,comp_domestic_direct_risk,COMPETITOR_PLATFORM_RISK,v39_title_link_only:v29_title_only_allowed,정부_국회,COMPETITOR_PLATFORM_RISK,comp_domestic_direct_risk,global_incident:platform_regulation:coupang:coupang_designation_disclosure,global_incident:platform_regulation:coupang:coupang_designation_disclosure,정부/국회 기사이나 카카오 플랫폼·AI·디지털금융과 연결 경로가 약함,4,2,1,로컬 보조 라벨 / v26.2: overseas structural industry candidate,로컬 보조 라벨 / v26.2: overseas structural industry candidate / v26: 카카오 직접 주체가 없어 자사 섹션 제외/재분류,v39_title_link_only,ok,http_200,정부_국회,정부/국회,v39_bodyless_pass:v26_2_public_actor_action_pass:public_actor_official_action,7,v29_title_only_allowed,5,,정부_국회,"쿠팡 vs 공정위 '현장조사 집행정지' 갈림길…유통 규제 지형, 법원 판단에",https://www.financialpost.co.kr/news/articleView.html?idxno=275419,파이낸셜포스트,CEO_Morning_Briefing,CEO_Morning_Briefing,5,,,,,,,,,,,,,,,,,,,,,,,
정부_국회,정부/국회,인공지능 산업 동향,"경남도, 조선·해양 제조 AI 허브 구축 본격화… 글로벌 기술 거점 육성",기계신문,기계신문,"Sun, 13 Sep 2026 03:11:06 GMT","Sun, 13 Sep 2026 03:11:06 GMT","경남도, 조선·해양 제조 AI 허브 구축 본격화… 글로벌 기술 거점 육성 기계신문","K-조선 비전 및 2027년 정부 예산안 연계… 피지컬 AI 실증·자율제조 검증 추진 경상남도가 정부의 ‘K-조선 미래비전’과 2027년도 정부 예산안 편성 방향에 맞춰 도내 조선산업의 인공지능(AI) 대전환을 추진, 경남을 대한민국 조선·해양산업의 미래기술 중심지이자 글로벌 기술 선도 거점으로 집중 육성한다. 2030년까지 1조 원 투입… 정부 ‘K-조선 비전’과 제조업 AI 대전환 연계 정부는 지난 5월 울산에서 열린 ‘K-조선 미래비전 간담회’를 통해 ▲K-조선 본진 강화 ▲시장 확대 ▲상생 생태계 구축 등 3대 전략을 제시한 바 있다. 이에 따라 2030년까지 민관 합동으로 약 1조 원을 투입해 선박 설계, 생산, 운영 전반에 AI를 적용하는 ‘AI 조선소 프로젝트’를 추진하고 공정별 생산성을 최대 50%까지 높인다는 목표를 세웠다. 이와 맞물려 2027년 정부 예산안에는 ▲제조업 AI 대전환(M.AX) 자율제조 생태계 구축(1,193억 원) ▲지역주도 5극 3특 성장엔진 프로젝트(1,400억 원) ▲제조 암묵지 활용 AI 솔루션 개발(2,900억 원) ▲중소 제조기업 피지컬 AI 실증(1,728억 원) 등 대규모 제조 AI 전환 사업이 반영됐다. 경남은 거제와 통영을 중심으로 대형·중소형 조선사, 기자재 제조기업, 사외협력사가 집적된 국내 최대 조선산업 거점이다. 도내 조선·해양 관련 사업체는 2,633개, 종사자 수는 5만 2,562명에 달하며 연간 수출액은 70억 9,000만 달러를 기록하고 있다. 특히 전국 수주잔량의 46.4%를 차지하는 등 국내 조선 생산의 중추적 역할을 맡고 있다. 현장 암묵지 데이터화·피지컬 AI 실증으로 자율제조 체계 구축 경남도는 이러한 산업 기반을 바탕으로 M.AX 기반을 집적화해 ‘대한민국 조선·해양 제조 AI 허브’를 구축할 방침이다. 도는 지난 8월 ‘중소형 조선소 생산기술혁신(DX) 센터’를 준공하고 본격 운영에 들어갔다. 해당 센터는 중소 조선사와 협력사를 대상으로 공정 실증 테스트베드, 용접 로봇, 자동화 장비 등을 지원하며 생산 자동화와 데이터 기반 공정관리를 주도하고 있다. 도는 향후 현장 암묵지 데이터화, 피지컬 AI 실증, 선박 가공 공정 자율 제조 기술 검증 등 핵심 과제를 단계적으로 확충한다. 먼저 숙련공의 작업 판단 기준, 공정별 품질관리 방식, 불량 대응 노하우 등 현장의 암묵지를 AI 학습 데이터로 정형화해 기술 단절과 숙련 인력 부족 문제를 해소할 계획이다. 아울러 AI가 현장의 장비, 가공 기계, 로봇을 직접 인식·판단·제어하는 피지컬 AI 실증 체계를 마련해 절단, 가공, 용접, 조립, 물류 등 조선 생산 전 공정의 자율화 기술을 검증하고 현장 적용성을 높인다. 이를 통해 여러 공정을 연계한 무인화·지능화 자율 제조 체계를 구축하고 중소 조선기자재 기업의 납기 단축, 원가 절감, 품질 균일화를 동시 달성한다는 구상이다. 대·중소 상생 및 광역 협력 강화… 친환경 기자재 국산화·MRO 대응 대·중소기업 상생과 광역 협력 체계도 강화한다. 대형 조선사와 중소 협력사가 함께 참여하는 생산공정 개선, 노후 장비 교체, 안전관리 및 ESG 컨설팅, 공동 기술개발을 지원해 수주 호황이 지역 공급망 전반으로 이어지도록 유도한다. 부산, 울산, 전남 등 주요 조선 권역과도 공정 개선, 장비 공동 활용, 전문인력 양성, 친환경·스마트 선박 기술 공동 개발을 확대해 글로벌 시장에 공동 대응할 방침이다. 이외에도 안전한 작업환경 구축, 친환경 선박 기자재 국산화, 함정 MRO(유지·보수·정비) 및 한미 조선협력 대응 역량도 지속 확충한다. 이미화 경남도 산업국장은 “경남은 대한민국 조선산업의 핵심 생산기지이자 미래 첨단 조선기술을 실증할 수 있는 최적지”라며 “정부 정책과 국비 사업에 적극 대응해 경남을 조선·해양 피지컬 AI와 제조 혁신의 거점으로 육성하고, 글로벌 시장에서의 초격차 경쟁력을 확고히 유지하겠다”고 밝혔다. 조선·해양 제조 현장은 비정형 대형 구조물 제작과 고난도 공정이 많아 기계 가공 및 조립 자동화의 진입 장벽이 높았던 분야다. 이번 경남도의 피지컬 AI 기반 자율제조 전환은 숙련 인력의 노하우를 디지털 자산화하고 절단·용접 등 위험 공정을 로봇 자동화 라인으로 대체하는 제조 혁신의 전환점이 될 것으로 기대된다. 특히 가공부터 물류까지 연계된 지능형 생산 공정이 현장에 안착할 경우 생산 효율성 증대와 납기 경쟁력 강화 등 국내 조선 제조 밸류체인의 체질 개선에 기여할 것으로 전망된다. 기계신문, 기계산업 뉴스채널 이은아 기자 lena@mtnews.net",2235,bs4_selector,86.0,good,130.0,True,본문추출성공,https://news.google.com/rss/articles/CBMiZ0FVX3lxTE5EcUZMeS1TeDBZRWV4RFZ6dlZBbkZGalNhZWZSYnBhSjJoQkQ5d0p3NVdXaXVSR2ktRl9QN01Dbl9wOE9hZUlwLWVKel9FbzNXWkd2VnNJSy1lNHhBZUJpei1PZ19VZVE?oc=5,https://www.mtnews.net/news/articleView.html?idxno=25940,57.5,"ai_infrastructure_security,copyright_ai,platform_obligation,policy_legislation",ai_infrastructure_security,2026-09-13,meta:article:published_time,original_date_recent,1,218.4,I052,government_ai_core_policy:경남도 조선 해양 제조 ai 허브 구축 본격화 글로벌 기술 거점 육성,government_ai_core_policy,GOV_AI_DIGITAL_POLICY,,정부_국회,GOV_AI_DIGITAL_POLICY,government_ai_core_policy,government_ai_core_policy:경남도 조선 해양 제조 ai 허브 구축 본격화 글로벌 기술 거점 육성,government_ai_core_policy:경남도 조선 해양 제조 ai 허브 구축 본격화 글로벌 기술 거점 육성,카카오 AI agent/AI 서비스 전략과 연결되는 핵심 정책환경,4,4,5,v26.2: no central Korean public actor/action for Government section: no_public_actor_action_domain / v26.2: overseas structural industry candidate,v26.2: no central Korean public actor/action for Government section: no_public_actor_action_domain / v26.2: overseas structural industry candidate,issue_selected,ok,http_200,정부_국회,정부/국회,pass:v26_2_public_actor_action_pass:public_actor_official_action,8,,6,"K-조선 비전 및 2027년 정부 예산안 연계… 피지컬 AI 실증·자율제조 검증 추진 경상남도가 정부의 ‘K-조선 미래비전’과 2027년도 정부 예산안 편성 방향에 맞춰 도내 조선산업의 인공지능(AI) 대전환을 추진, 경남을 대한민국 조선·해양산업의 미래기술 중심지이자 글로벌 기술 선도 거점으로 집중 육성한다. 현장 암묵지 데이터화·피지컬 AI 실증으로 자율제조 체계 구축 경남도는 이러한 산업 기반을 바탕으로 M.AX 기반을 집적화해 ‘대한민국 조선·해양 제조 AI 허브’를 구축할 방침이다.",정부_국회,"경남도, 조선·해양 제조 AI 허브 구축 본격화… 글로벌 기술 거점 육성",https://www.mtnews.net/news/articleView.html?idxno=25940,기계신문,CEO_Morning_Briefing,CEO_Morning_Briefing,6,인공지능 산업 동향,산업동향,산업동향,정부_국회,pass:representative_aligned,False,,23.0,global_incident:platform_regulation:platform_sector:platform_data_protection_obligation:executive_or_org_change,global_incident:platform_regulation:platform_sector:platform_data_protection_obligation,32.0,government:platform_obligation,Y,,body_valid,413.25,,OFF_TOPIC,,other,,Y,
정부_국회,정부/국회,과학기술정보통신부,"과기정통부, ‘2025년 정보보호 공시 현황 분석보고서’ 공개…투자액 14.3%·전담인력 10.7% 증가",idailynews.co.kr,idailynews.co.kr,"Sun, 13 Sep 2026 10:02:00 GMT","Sun, 13 Sep 2026 10:02:00 GMT","과기정통부, ‘2025년 정보보호 공시 현황 분석보고서’ 공개…투자액 14.3%·전담인력 10.7% 증가 idailynews.co.kr",,0,critical_without_body,0.0,v39_title_link_only:selected_government_policy_issue,67.5,False,본문추출실패_대체없음_제목링크만,https://news.google.com/rss/articles/CBMi6wNBVV95cUxQaUJVb3JvVVpHRjJFUkdJTG1QSjA1N2pqNlFaamFaOGRRdFZ0RnJiS1BvRW80d0o1UXVDeDBSbUN2MC1ZdVA1cWdLOWFvd1RTZl9KaFFVRUtCOFVOOERlQ1Y5d0d4ZElwX0NkS0UzVjJiZVQxTmNiWl92NnExT1lyRUtwTGY3eG5ISDFNekI5T2t2NjMxUnFYNUF4bTltdTkwWGxsN2h3TEU0NU5kT2FMTm1nLUZNbk53VFQtTjVLSWQwaEhiSEdyMENQZkhvakkzLXJxc0hTWXR2NHRpLTVXN3FpSTdLZXp0cDlPd0NGYUE5STJEWTRyV1lnTXFWaXNVWl9QeHpEQ0lMUHMyMTBlbjh0THFmVHhWMnhVN1k1T0poT284SENKMDJqY3ZCSmJNSXFyNGpydm1kYi1zQ1dyOFBWcDdwSElsMjNYRG1JVzRsVTNrd2QwalhIQ2RXd1BFSmZSQzhjQnJCbFgzQVdEVXQyZFJva0V6SXBPRmVEOGN4cl80cWJoVGlUQUJBcW1UVHZ2RnVfbVdzRFZVbXdGUGNlVFc4YjEyRHlxZ1R6eGpwOFZCcjFHMkJhempCMnM2dW81dUFzX0xtTm5yWDhDdG9YWDF0X2NFV09sMnp2S1dURzN4MHdLNVh2Yw?oc=5,https://www.idailynews.co.kr/article/%EA%B3%BC%EA%B8%B0%EC%A0%95%ED%86%B5%EB%B6%80-2025%EB%85%84-%EC%A0%95%EB%B3%B4%EB%B3%B4%ED%98%B8-%EA%B3%B5%EC%8B%9C-%ED%98%84%ED%99%A9-%EB%B6%84%EC%84%9D%EB%B3%B4%EA%B3%A0%EC%84%9C-%EA%B3%B5%EA%B0%9C%ED%88%AC%EC%9E%90%EC%95%A1-143%EC%A0%84%EB%8B%B4%EC%9D%B8%EB%A0%A5-107-%EC%A6%9D%EA%B0%80-2c8bee6adb4a9662ac7c,95.8,"ai_infrastructure_security,financial_performance",ai_infrastructure_security,,not_checked_bodyless,not_checked_bodyless,0,-5.0,I076,government_ai_core_policy:과기정통부 2025년 정보보호 공시 현황 분석보고서 공개 투자액 14 3 전담인력 10 7 증가,government_ai_core_policy,GOV_AI_DIGITAL_POLICY,v39_title_link_only:selected_government_policy_issue,정부_국회,GOV_AI_DIGITAL_POLICY,government_ai_core_policy,government_ai_core_policy:과기정통부 2025년 정보보호 공시 현황 분석보고서 공개 투자액 14 3 전담인력 10 7 증가,government_ai_core_policy:과기정통부 2025년 정보보호 공시 현황 분석보고서 공개 투자액 14 3 전담인력 10 7 증가,카카오 AI agent/AI 서비스 전략과 연결되는 핵심 정책환경,5,4,5,로컬 보조 라벨,v43_soft_target:정부_국회: daily-safe portfolio rescue,v39_title_link_only,ok,http_200,정부_국회,정부/국회,v39_bodyless_pass:v26_2_public_actor_action_pass:public_actor_official_action,18,selected_government_policy_issue,7,,정부_국회,"과기정통부, ‘2025년 정보보호 공시 현황 분석보고서’ 공개…투자액 14.3%·전담인력 10.7% 증가",https://www.idailynews.co.kr/article/%EA%B3%BC%EA%B8%B0%EC%A0%95%ED%86%B5%EB%B6%80-2025%EB%85%84-%EC%A0%95%EB%B3%B4%EB%B3%B4%ED%98%B8-%EA%B3%B5%EC%8B%9C-%ED%98%84%ED%99%A9-%EB%B6%84%EC%84%9D%EB%B3%B4%EA%B3%A0%EC%84%9C-%EA%B3%B5%EA%B0%9C%ED%88%AC%EC%9E%90%EC%95%A1-143%EC%A0%84%EB%8B%B4%EC%9D%B8%EB%A0%A5-107-%EC%A6%9D%EA%B0%80-2c8bee6adb4a9662ac7c,idailynews.co.kr,CEO_Morning_Briefing,CEO_Morning_Briefing,7,,,,,,,,,,,,,,,,,,,,,v43_soft_target:정부_국회,,
정부_국회,정부/국회,과학기술정보통신부,"류제명 과기정통부 2차관, 보츠와나 부통령 면담…AI·디지털 협력 논의",코리안투데이,코리안투데이,"Fri, 11 Sep 2026 01:50:00 GMT","Fri, 11 Sep 2026 01:50:00 GMT","류제명 과기정통부 2차관, 보츠와나 부통령 면담…AI·디지털 협력 논의 코리안투데이",,0,critical_without_body,0.0,v39_title_link_only:selected_government_policy_issue,45.5,False,본문추출실패_대체없음_제목링크만,https://news.google.com/rss/articles/CBMiR0FVX3lxTE10UFJxejFvRkQ5OWlfXzJVX2NGTzRPOHlDa24tREplVElFWWxCN3I4Y0RQa0tsR1R6bXBXRmxmeWdBU1BhZjBV?oc=5,http://www.thekorean.today/57409,94.0,ai_infrastructure_security,ai_infrastructure_security,,not_checked_bodyless,not_checked_bodyless,0,-5.0,I077,government_ai_core_policy:류제명 과기정통부 2차관 보츠와나 부통령 면담 ai 디지털 협력 논의,government_ai_core_policy,GOV_AI_DIGITAL_POLICY,v39_title_link_only:selected_government_policy_issue,정부_국회,GOV_AI_DIGITAL_POLICY,government_ai_core_policy,government_ai_core_policy:류제명 과기정통부 2차관 보츠와나 부통령 면담 ai 디지털 협력 논의,government_ai_core_policy:류제명 과기정통부 2차관 보츠와나 부통령 면담 ai 디지털 협력 논의,카카오 AI agent/AI 서비스 전략과 연결되는 핵심 정책환경,5,4,5,로컬 보조 라벨,v43_soft_target:정부_국회: daily-safe portfolio rescue,v39_title_link_only,ok,http_200,정부_국회,정부/국회,v39_bodyless_pass:v26_2_public_actor_action_pass:public_private_project,19,selected_government_policy_issue,8,,정부_국회,"류제명 과기정통부 2차관, 보츠와나 부통령 면담…AI·디지털 협력 논의",http://www.thekorean.today/57409,코리안투데이,CEO_Morning_Briefing,CEO_Morning_Briefing,8,,,,,,,,,,,,,,,,,,,,,v43_soft_target:정부_국회,,
경쟁사_해외이슈,경쟁사/해외이슈,KT,"KT, 금융·공공 맞춤형 AX 전환 전략 보고서 공개",newskr.kr,newskr.kr,"Mon, 14 Sep 2026 00:32:04 GMT","Mon, 14 Sep 2026 00:32:04 GMT","KT, 금융·공공 맞춤형 AX 전환 전략 보고서 공개 newskr.kr","[센트럴경제 = 이길주 기자] KT가 규제와 보안 수준이 높은 금융 및 공공 분야의 인공지능 전환(AX) 현황과 과제를 분석한 ‘KT AX 인사이트 리포트’를 14일 발간했다. 이번 리포트는 지난 7월 국내 은행·증권·보험·카드사 임직원 200명과 중앙부처·지자체·공공기관 임직원 200명 등 총 400명을 대상으로 진행한 설문조사 결과를 바탕으로 작성했다. 조사 결과 금융기관의 59.5%, 공공기관의 30%가 AI 활용을 위한 개념검증(PoC) 또는 일부 업무 적용, 전사 확산 등 AX 실행 단계에 진입했다. 다만 금융 분야는 AI 투자 대비 효과 입증과 신뢰성 확보를 주된 과제로 꼽았다. 공공 분야는 예산 및 성과 측정 체계 마련과 데이터 연계 구축이 주요 난제로 조사됐다. KT는 보고서를 통해 두 산업 특성에 맞춘 단계별 핵심 과제를 제시했다. 금융 분야에는 문서 처리·고객 응대 등 초기 성과 창출 과제 선정과 AI 거버넌스 구축을 제안했다. 공공 분야에는 저위험 과제 중심의 단계적 도입과 성과·예산 연계 체계 설계를 권고했다. KT 관계자는 ""자사 AI 플랫폼과 인프라 역량을 바탕으로 전략 수립부터 구축·운영·고도화까지 전 과정을 전담 지원하는 'E2E AX 파트너'로 입지를 다질 계획이다""고 말했다. 해당 리포트는 KT 엔터프라이즈 홈페이지에서 내려받을 수 있다. 이길주 기자 gaeloung@newskr.kr 이젠 화장품 광고까지... 박지현·김용빈·성리, K-뷰티 접수한 트로트★ 코스피, ‘네 마녀의 날’ 롤러코스터…7000선 가까스로 지켜 코스피, 장 초반 2%대 급락…삼성전자·SK하이닉스 동반 약세 트로트 넘어 칼군무까지... 박지현 '댄싱 인 러브' MV, 하루만에 6만뷰 89년 폭스바겐 휘청…반사이익은 현대차·기아? [단독] 총수 일가 선영 논란, 조원태 회장 경영권 방어에도 영향 미칠까 [단독] 참다 못한 DB하이텍 우선주 주주연대, 실력행사 나섰다 이젠 화장품 광고까지... 박지현·김용빈·성리, K-뷰티 접수한 트로트★ 이젠 화장품 광고까지... 박지현·김용빈·성리, K-뷰티 접수한 트로트★ 코스피, ‘네 마녀의 날’ 롤러코스터…7000선 가까스로 지켜 코스피, 장 초반 2%대 급락…삼성전자·SK하이닉스 동반 약세 트로트 넘어 칼군무까지... 박지현 '댄싱 인 러브' MV, 하루만에 6만뷰 89년 폭스바겐 휘청…반사이익은 현대차·기아? [단독] 총수 일가 선영 논란, 조원태 회장 경영권 방어에도 영향 미칠까 [단독] 참다 못한 DB하이텍 우선주 주주연대, 실력행사 나섰다 이젠 화장품 광고까지... 박지현·김용빈·성리, K-뷰티 접수한 트로트★ 코스피, ‘네 마녀의 날’ 롤러코스터…7000선 가까스로 지켜 코스피, 장 초반 2%대 급락…삼성전자·SK하이닉스 동반 약세 트로트 넘어 칼군무까지... 박지현 '댄싱 인 러브' MV, 하루만에 6만뷰 89년 폭스바겐 휘청…반사이익은 현대차·기아? [단독] 총수 일가 선영 논란, 조원태 회장 경영권 방어에도 영향 미칠까 [단독] 참다 못한 DB하이텍 우선주 주주연대, 실력행사 나섰다 AI 속도조절론? 한국 반도체 2년치는 팔렸다 CJ문화재단, 토론토국제영화제서 ‘K-스토리 펀드’ 창작자 3인 시상 포항서 시작해 송도서 끝났다... 히밥, 1++ 한우 앞에서 ""완전 내 스타일"" 세계 1위 바리스타가 빽다방에 걸어둔 이름, 이번엔 라떼다 홍콩·이란·마카오서 온 단편 16편, 2주간 안방으로 [포토] 문세윤 ""먹어? 먹어 그냥?""... 라면 한 봉지가 통째로 사라졌다 AI 속도조절론? 한국 반도체 2년치는 팔렸다 CJ문화재단, 토론토국제영화제서 ‘K-스토리 펀드’ 창작자 3인 시상 포항서 시작해 송도서 끝났다... 히밥, 1++ 한우 앞에서 ""완전 내 스타일"" 세계 1위 바리스타가 빽다방에 걸어둔 이름, 이번엔 라떼다 홍콩·이란·마카오서 온 단편 16편, 2주간 안방으로 [포토] 문세윤 ""먹어? 먹어 그냥?""... 라면 한 봉지가 통째로 사라졌다",1934,bs4_selector,86.0,good,160.0,True,본문추출성공,https://news.google.com/rss/articles/CBMiZkFVX3lxTE1uWXBHUWwtV1pzTF9Hdm00TDJoZVNuVlhVbGQ0SWZyaWVaZzYyMjVFNWJZVlVFVHFCRjhqVjdvZk0wU3pQQ3h5R0lCaEdUSjR2VEc2dThjaTZjQWl4enZrSHNUMjc4Z9IBakFVX3lxTE4tNUhnV1lOZC1WLVRoTktZTEtVbkRnSXlhcVd5MmEzSnlfSk5pSGM5aWVYcUgwcm1NY04tX203Mm5QWHF0ajhWMFBqX3UyWllpcnN4d1ZZbmF0bVVrc3VZaEdxS0tvczQ3RVE?oc=5,http://www.newskr.kr/news/articleView.html?idxno=106339,312.0,"ai_infrastructure_security,market_power_platform,phishing_security,platform_obligation,policy_legislation,privacy_security_reliability,search_ads,self_pr_promo,strategy_mna_governance",security_general,2026-09-14,meta:article:published_time,original_date_recent,1,236.4,I002,국가 AI 인프라/AIDC/GPU 정책,comp_domestic_ai_platform,COMPETITOR_AI_STRATEGY,,정부_국회,COMPETITOR_PLATFORM_RISK,comp_domestic_public_infra,KT 금융 AX/AI 인프라 전략,KT 금융 AX/AI 인프라 전략,카카오가 경쟁사 전략·리스크·AI/플랫폼 대응을 비교 참고할 이슈,4,4,5,로컬 보조 라벨 / v26.2: overseas structural industry candidate,로컬 보조 라벨 / 로컬 보조 라벨 / v26.2: overseas structural industry candidate / v26.2: no central Korean public actor/action for Government section: no_public_actor_action_domain / v26.2: overseas structural industry candidate / v26: 카카오 직접 주체가 없어 자사 섹션 제외/재분류,issue_selected,ok,http_200,경쟁사_해외이슈,경쟁사/해외이슈,reassign:v41_company_strategy_to_competitor,1,,9,"[센트럴경제 = 이길주 기자] KT가 규제와 보안 수준이 높은 금융 및 공공 분야의 인공지능 전환(AX) 현황과 과제를 분석한 ‘KT AX 인사이트 리포트’를 14일 발간했다. 조사 결과 금융기관의 59.5%, 공공기관의 30%가 AI 활용을 위한 개념검증(PoC) 또는 일부 업무 적용, 전사 확산 등 AX 실행 단계에 진입했다.",경쟁사_해외이슈,"KT, 금융·공공 맞춤형 AX 전환 전략 보고서 공개",http://www.newskr.kr/news/articleView.html?idxno=106339,newskr.kr,CEO_Morning_Briefing,CEO_Morning_Briefing,9,KT,경쟁사/해외이슈,경쟁사_해외이슈,정부_국회,pass:representative_aligned,False,,23.0,global_incident:platform_regulation:kt:platform_data_protection_obligation:announcement,global_incident:platform_regulation:kt:platform_data_protection_obligation,48.0,government:platform_obligation,Y,,body_valid,644.0,OFF_TOPIC,OFF_TOPIC,COMP_DOMESTIC_AI_PLATFORM,domestic,,Y,정부_국회->경쟁사_해외이슈:v41_company_strategy_to_competitor
경쟁사_해외이슈,경쟁사/해외이슈,네이버,"18년 네이버 보안 맡은 ‘카티스’, 1GW AI 팩토리 보안 정조준",서울경제TV,서울경제TV,"Mon, 14 Sep 2026 00:41:50 GMT","Mon, 14 Sep 2026 00:41:50 GMT","18년 네이버 보안 맡은 ‘카티스’, 1GW AI 팩토리 보안 정조준 서울경제TV","18년 네이버 보안 맡은 ‘카티스’, 1GW AI 팩토리 보안 정조준 경제·산업 입력 2026-09-14 09:41:50 수정 2026-09-14 09:41:50 정창신 기자 0개 [서울경제TV=정창신기자] 시가총액 321억원 규모의 보안 기업 카티스가 네이버의 초대형 인프라 투자 국면에서 주목받고 있다. 카티스는 2008년부터 18년간 네이버의 핵심 시설 보안을 전담해 왔다. 14일 오전 9시30분 기준 주가는 3005원, 시가총액은 약 321억원이다. 주목받는 이유는 단순한 협력 이력이 아니다. 최근 수주한 데이터센터 '각 세종' 물리보안 계약 규모가 58억원이다. 현재 시가총액의 18%에 해당하는 금액이다. 그런데 네이버가 추진하는 AI 팩토리는 '각 세종'의 10배 이상 규모다. ◇18년간 네이버 보안 파트너로 카티스는 2008년 네이버 분당 사옥 '그린팩토리'로 시작했다. 이어 '각 춘천'(2014년), 신사옥 '1784'(2019년), 하이퍼스케일 IDC '각 세종'(2023년)까지 맡았다. 네이버가 최첨단 시설을 지을 때마다 같은 파트너를 선택한 셈이다. 업계는 이를 물리보안 산업의 구조적 특성으로 본다. 업계 관계자는 ""보안 플랫폼은 장비 간 호환성과 안정성이 검증되지 않으면 교체가 불가능한 록인 사업""이라고 설명했다. 기존 관제 아키텍처와 연동되지 않는 신규 사업자를 쓰기 어렵다는 의미다. 대규모 시설일수록 검증 부담은 커진다. ◇AI 팩토리, 24시간 무중단 관제 필수 네이버는 2027년 상반기 55메가와트(MW) 첫 가동을 시작으로 2028년 200MW, 장기적으로 1기가와트(GW)급 AI 팩토리 구축을 추진한다. 단순 서버 임대형 IDC와 다르다. 고성능 GPU와 냉각 설비, AI 솔루션을 한 번에 공급하는 '풀스택 AI 공장' 개념이다. 네이버는 이를 위해 엔비디아와 통합 파트너십도 맺었다. 보안 측면에서는 난이도가 올라간다. 전력 밀도가 높고 고가 GPU 자산이 집적돼 있어 24시간 무중단 관제가 필수다. 업계 관계자는 ""보안 플랫폼은 장비 간 호환성과 안정성이 검증되지 않으면 교체가 불가능한 대표적인 록인 사업""이라며 ""네이버가 추진하는 글로벌 AI 팩토리의 물리·사이버 융합 보안 역시 기존 파트너에 맡길 가능성이 있다""고 분석했다. /csjung@sedaily.com [ⓒ 서울경제TV(www.sentv.co.kr), 무단 전재 및",1170,trafilatura,70.0,good,54.5,True,본문추출성공,https://news.google.com/rss/articles/CBMiZEFVX3lxTE9qN0ZKbU9WbU9TX3BaaV9pUjdSWlZYQ3hRYjNaTm00em03cDNOTl8zMzAtbC1waU5aNjdOLXd0RW5OQklXa2NPQmY0ZXJTdXY1X3lRTUhlNm9qUWd4blhtS05xT3k?oc=5,https://www.sentv.co.kr/article/view/sentv202609140038,261.5,"ai_infrastructure_security,aidc_datacenter,financial_performance,market_power_platform,phishing_security,privacy_security_reliability",aidc_law_power,2026-09-14,json_ld:datePublished,original_date_recent,6,150.65,I001,comp_domestic_ai_platform:18년 네이버 보안 맡은 카티스 1gw ai 팩토리 보안 정조준,comp_domestic_ai_platform,COMPETITOR_AI_STRATEGY,,경쟁사_해외이슈,COMPETITOR_AI_STRATEGY,comp_domestic_ai_platform,comp_domestic_ai_platform:18년 네이버 보안 맡은 카티스 1gw ai 팩토리 보안 정조준,comp_domestic_ai_platform:18년 네이버 보안 맡은 카티스 1gw ai 팩토리 보안 정조준,카카오가 경쟁사 전략·리스크·AI/플랫폼 대응을 비교 참고할 이슈,4,4,5,로컬 보조 라벨 / v26.2: overseas structural industry candidate,로컬 보조 라벨 / v26.2: overseas structural industry candidate,issue_selected,ok,http_200,경쟁사_해외이슈,경쟁사/해외이슈,pass:competitor_guardrail_pass,2,,10,"18년 네이버 보안 맡은 ‘카티스’, 1GW AI 팩토리 보안 정조준 경제·산업 입력 2026-09-14 09:41:50 수정 2026-09-14 09:41:50 정창신 기자 0개 [서울경제TV=정창신기자] 시가총액 321억원 규모의 보안 기업 카티스가 네이버의 초대형 인프라 투자 국면에서 주목받고 있다. 카티스는 2008년부터 18년간 네이버의 핵심 시설 보안을 전담해 왔다.",경쟁사_해외이슈,"18년 네이버 보안 맡은 ‘카티스’, 1GW AI 팩토리 보안 정조준",https://www.sentv.co.kr/article/view/sentv202609140038,서울경제TV,CEO_Morning_Briefing,CEO_Morning_Briefing,10,네이버,경쟁사/해외이슈,경쟁사_해외이슈,경쟁사_해외이슈,pass:representative_aligned,False,,7.0,global_incident:platform_regulation:naver:platform_regulation:executive_or_org_change,global_incident:platform_regulation:naver:platform_regulation,0.0,,,,body_valid,666.5,,,COMP_DOMESTIC_AI_PLATFORM,domestic,,,
경쟁사_해외이슈,경쟁사/해외이슈,네이버,"공격하는 LG, 막아서는 네이버…실전서 다져지는 'K-보안 AI'",뉴시스,뉴시스,"Thu, 10 Sep 2026 21:00:00 GMT","Thu, 10 Sep 2026 21:00:00 GMT","공격하는 LG, 막아서는 네이버…실전서 다져지는 'K-보안 AI' 뉴시스",,0,critical_without_body,0.0,v39_title_link_only:selected_competitor_issue,27.5,False,본문추출실패_대체없음_제목링크만,https://news.google.com/rss/articles/CBMiYEFVX3lxTFB4RHA3bHJrd0lEendaQ0JLRGZsVmtubjk2ak1pdlprYWpNMjdiVlJtdmtlN2hwZWhVa1FPREVfQXY2b1FHWmFOX0hiaVEwLUJtUW1rZ2ZOQjR2dmhPQ09TStIBeEFVX3lxTE9RT3J3RWtPUlJHLWtOcERXTWZtVTJqU3BrTG05YXBnbU1Hc0dsMklpbFlzaW5kc25mZGRDejd0UFhTS3RyaUNFMjhkYnVkdC16UFpMQ3gyQWpUeEdPWXBHVkpEMUhrYXY4NnZoemMzZWpJRXNWemxWMA?oc=5,https://www.newsis.com/view/NISX20260910_0003784772,215.5,"ai_infrastructure_security,phishing_security,privacy_security_reliability",security_general,,not_checked_bodyless,not_checked_bodyless,0,-5.0,I003,comp_domestic_ai_platform:공격하는 lg 막아서는 네이버 실전서 다져지는 k 보안 ai,comp_domestic_ai_platform,COMPETITOR_AI_STRATEGY,v39_title_link_only:selected_competitor_issue,경쟁사_해외이슈,COMPETITOR_AI_STRATEGY,comp_domestic_ai_platform,comp_domestic_ai_platform:공격하는 lg 막아서는 네이버 실전서 다져지는 k 보안 ai,comp_domestic_ai_platform:공격하는 lg 막아서는 네이버 실전서 다져지는 k 보안 ai,카카오가 경쟁사 전략·리스크·AI/플랫폼 대응을 비교 참고할 이슈,4,4,5,로컬 보조 라벨 / v26.2: overseas structural industry candidate,로컬 보조 라벨 / v26.2: overseas structural industry candidate,v39_title_link_only,ok,http_200,경쟁사_해외이슈,경쟁사/해외이슈,v39_bodyless_pass:competitor_guardrail_pass,3,selected_competitor_issue,11,,경쟁사_해외이슈,"공격하는 LG, 막아서는 네이버…실전서 다져지는 'K-보안 AI'",https://www.newsis.com/view/NISX20260910_0003784772,뉴시스,CEO_Morning_Briefing,CEO_Morning_Briefing,11,,,,,,,,,,,,,,,,,,,,,,,
경쟁사_해외이슈,경쟁사/해외이슈,애플,"KT, 아이폰 18 프로·애플워치 시리즈 12·애플워치 울트라 4·에어팟 5 등 출시",연합뉴스,연합뉴스,"Fri, 11 Sep 2026 05:06:26 GMT","Fri, 11 Sep 2026 05:06:26 GMT","KT, 아이폰 18 프로·애플워치 시리즈 12·애플워치 울트라 4·에어팟 5 등 출시 연합뉴스",,0,critical_without_body,0.0,v39_title_link_only:selected_competitor_issue,4.0,False,본문추출실패_대체없음_제목링크만,https://news.google.com/rss/articles/CBMiYEFVX3lxTE1BWDNqMW40eG5ueVpRRFlyWXFJMXlnWnMzb2lnMjJIU2ZRQ01rZzVwZFM4a1V6eU1pZlljWTFDOFN1aVdZMWxUY2tQS2YwaHdNLTF5UnFhSjZuVHFVRldsV9IBYEFVX3lxTE1BWDNqMW40eG5ueVpRRFlyWXFJMXlnWnMzb2lnMjJIU2ZRQ01rZzVwZFM4a1V6eU1pZlljWTFDOFN1aVdZMWxUY2tQS2YwaHdNLTF5UnFhSjZuVHFVRldsVw?oc=5,https://www.yna.co.kr/amp/view/PYH20260911098400013,298.0,,,,not_checked_bodyless,not_checked_bodyless,0,-5.0,I011,comp_domestic_strategy:kt 아이폰 18 프로 애플워치 시리즈 12 애플워치 울트라 4 에어팟 5 등 출시,comp_domestic_strategy,COMPETITOR_AI_STRATEGY,v39_title_link_only:selected_competitor_issue,경쟁사_해외이슈,COMPETITOR_AI_STRATEGY,comp_domestic_strategy,comp_domestic_strategy:kt 아이폰 18 프로 애플워치 시리즈 12 애플워치 울트라 4 에어팟 5 등 출시,comp_domestic_strategy:kt 아이폰 18 프로 애플워치 시리즈 12 애플워치 울트라 4 에어팟 5 등 출시,카카오가 경쟁사 전략·리스크·AI/플랫폼 대응을 비교 참고할 이슈,4,4,5,로컬 보조 라벨 / v26.2: overseas structural industry candidate,로컬 보조 라벨 / v26.2: overseas structural industry candidate,v39_title_link_only,ok,http_200,경쟁사_해외이슈,경쟁사/해외이슈,v39_bodyless_pass:competitor_guardrail_pass,10,selected_competitor_issue,12,,경쟁사_해외이슈,"KT, 아이폰 18 프로·애플워치 시리즈 12·애플워치 울트라 4·에어팟 5 등 출시",https://www.yna.co.kr/amp/view/PYH20260911098400013,연합뉴스,CEO_Morning_Briefing,CEO_Morning_Briefing,12,,,,,,,,,,,,,,,,,,,,,,,
경쟁사_해외이슈,경쟁사/해외이슈,KT,"KT, 세계 미디어 전시회서 협력사 글로벌 판로 연다",연합뉴스,연합뉴스,"Sun, 13 Sep 2026 00:38:53 GMT","Sun, 13 Sep 2026 00:38:53 GMT","KT, 세계 미디어 전시회서 협력사 글로벌 판로 연다 연합뉴스",,0,critical_without_body,0.0,v39_title_link_only:selected_competitor_issue,7.0,False,본문추출실패_대체없음_제목링크만,https://news.google.com/rss/articles/CBMiYEFVX3lxTE9NR200VWR2eGFNX20zb2gwTHlnamVYYkU4Y3pzTEdsYnJNM2xNSjNxekFzdzJQa0RHNXZTaHVMV3lGY1poQjhVZ0VvcUg4RXkzbmFwRXA3Vzc5YzZYUUZzUNIBYEFVX3lxTE9NR200VWR2eGFNX20zb2gwTHlnamVYYkU4Y3pzTEdsYnJNM2xNSjNxekFzdzJQa0RHNXZTaHVMV3lGY1poQjhVZ0VvcUg4RXkzbmFwRXA3Vzc5YzZYUUZzUA?oc=5,https://www.yna.co.kr/amp/view/AKR20260913015200017,294.5,self_pr_promo,,,not_checked_bodyless,not_checked_bodyless,0,-5.0,I017,comp_domestic_strategy:kt 세계 미디어 전시회서 협력사 글로벌 판로 연다,comp_domestic_strategy,COMPETITOR_AI_STRATEGY,v39_title_link_only:selected_competitor_issue,경쟁사_해외이슈,COMPETITOR_AI_STRATEGY,comp_domestic_strategy,comp_domestic_strategy:kt 세계 미디어 전시회서 협력사 글로벌 판로 연다,comp_domestic_strategy:kt 세계 미디어 전시회서 협력사 글로벌 판로 연다,카카오가 경쟁사 전략·리스크·AI/플랫폼 대응을 비교 참고할 이슈,4,4,5,로컬 보조 라벨,로컬 보조 라벨,v39_title_link_only,ok,http_200,경쟁사_해외이슈,경쟁사/해외이슈,v39_bodyless_pass:competitor_guardrail_pass,12,selected_competitor_issue,13,,경쟁사_해외이슈,"KT, 세계 미디어 전시회서 협력사 글로벌 판로 연다",https://www.yna.co.kr/amp/view/AKR20260913015200017,연합뉴스,CEO_Morning_Briefing,CEO_Morning_Briefing,13,,,,,,,,,,,,,,,,,,,,,,,
